driver_id,week,burnout_score,churn_prob,top_factor_1,top_factor_2,top_factor_3
D138,22,40.0,0.981431,total_events_per_100km_trend,total_events_per_100km,idle_time_pct
D119,15,40.0,0.9590116,total_events_per_100km_trend,experience_years,co2_per_km_trend
D108,23,20.0,0.95639855,total_events_per_100km_trend,total_events_per_100km,hard_accels_per_100km
D116,16,40.0,0.94242543,total_events_per_100km_trend,total_events_per_100km,hard_accels_per_100km
D123,17,40.0,0.9355245,total_events_per_100km_trend,daily_hours_trend,age
D097,11,40.0,0.9330051,total_events_per_100km_trend,idle_time_pct,speeding_per_100km
D109,24,40.0,0.7853046,total_events_per_100km_trend,trips_per_day,co2_per_km_trend
D118,26,40.0,0.77106726,total_events_per_100km_trend,idle_time_pct,co2_per_km_trend
D071,24,40.0,0.7591876,total_events_per_100km_trend,experience_years,trips_per_day
D145,26,60.0,0.75807166,total_events_per_100km_trend,idle_time_pct,night_driving_pct
D080,22,60.0,0.6530992,total_events_per_100km_trend,idle_time_pct,experience_years
D055,14,40.0,0.6138496,total_events_per_100km_trend,idle_time_pct,daily_steps
D001,17,20.0,0.61301583,total_events_per_100km_trend,age,hard_brakes_per_100km
D052,24,40.0,0.56600475,total_events_per_100km_trend,idle_time_pct,daily_steps
D094,26,40.0,0.56470674,idle_time_pct,total_events_per_100km_trend,age
D111,16,40.0,0.47890744,total_events_per_100km,total_events_per_100km_trend,daily_steps
D114,26,40.0,0.47119525,total_events_per_100km_trend,hard_accels_per_100km,age
D006,26,40.0,0.44109988,age,total_events_per_100km_trend,experience_years
D060,26,0.0,0.4382437,total_events_per_100km,hard_brakes_per_100km,daily_hours
D112,23,35.0,0.41836274,total_events_per_100km_trend,daily_hours,daily_steps_trend
D049,26,20.0,0.4150087,total_events_per_100km_trend,idle_time_pct,hard_brakes_per_100km
D040,26,35.0,0.40060034,daily_steps_trend,total_events_per_100km_trend,age
D022,26,20.0,0.39039728,total_events_per_100km,co2_per_km_trend,idle_time_pct
D015,26,40.0,0.3561968,total_events_per_100km_trend,hard_accels_per_100km,night_driving_pct
D134,26,35.0,0.3348864,daily_steps_trend,daily_steps,total_events_per_100km_trend
D047,26,55.0,0.3040199,daily_steps_trend,idle_time_pct,total_events_per_100km_trend
D042,19,60.0,0.2934391,total_events_per_100km_trend,fuel_per_100km_trend,safety_score
D030,26,40.0,0.28873202,total_events_per_100km_trend,total_events_per_100km,hard_accels_per_100km
D082,26,40.0,0.28118587,total_events_per_100km,hard_accels_per_100km,total_events_per_100km_trend
D068,26,0.0,0.27874812,total_events_per_100km_trend,idle_time_pct,daily_hours
D079,26,20.0,0.27275363,daily_steps_trend,daily_hours,hard_brakes_per_100km
D051,26,20.0,0.27217296,total_events_per_100km,total_events_per_100km_trend,idle_time_pct
D031,26,60.0,0.24867861,experience_years,total_events_per_100km_trend,total_events_per_100km
D073,10,40.0,0.23621197,daily_hours,night_driving_pct,age
D120,26,20.0,0.23462743,total_events_per_100km,total_events_per_100km_trend,night_driving_pct
D070,26,55.0,0.23432615,total_events_per_100km_trend,idle_time_pct,daily_steps_trend
D099,26,20.0,0.2313675,idle_time_pct,total_events_per_100km_trend,age
D020,11,40.0,0.22179028,total_events_per_100km_trend,safety_score,idle_time_pct
D102,9,15.0,0.21785806,daily_steps_trend,age,experience_years
D013,26,35.0,0.21392691,daily_steps_trend,total_events_per_100km_trend,night_driving_pct
D113,26,20.0,0.21344869,experience_years,total_events_per_100km,co2_per_km_trend
D036,26,40.0,0.21140136,safety_score,total_events_per_100km_trend,daily_steps
D066,26,0.0,0.20243612,total_events_per_100km,night_driving_pct,hard_brakes_per_100km
D127,26,0.0,0.20205237,total_events_per_100km_trend,idle_time_pct,daily_walk_minutes
D076,26,40.0,0.19662355,total_events_per_100km,night_driving_pct,age
D096,26,0.0,0.19127527,total_events_per_100km_trend,daily_hours,idle_time_pct
D010,26,0.0,0.18527044,total_events_per_100km_trend,experience_years,daily_steps
D017,26,0.0,0.1725751,total_events_per_100km_trend,daily_hours,experience_years
D048,23,60.0,0.1708967,fuel_per_100km_trend,idle_time_pct,daily_floors
D061,26,20.0,0.16187397,total_events_per_100km,daily_steps,idle_time_pct
D087,26,0.0,0.15750319,total_events_per_100km_trend,idle_time_pct,daily_steps
D088,26,20.0,0.15621385,total_events_per_100km_trend,daily_hours,night_driving_pct
D056,26,20.0,0.15467511,total_events_per_100km,total_events_per_100km_trend,co2_per_km_trend
D019,26,0.0,0.15331835,age,total_events_per_100km,total_events_per_100km_trend
D137,26,40.0,0.15064661,total_events_per_100km_trend,has_safety_training,safety_score
D106,26,60.0,0.14775077,experience_years,total_events_per_100km_trend,idle_time_pct
D147,26,40.0,0.14572735,age,daily_hours,total_events_per_100km_trend
D007,26,40.0,0.14323874,total_events_per_100km,night_driving_pct,hard_brakes_per_100km
D014,26,20.0,0.14247835,total_events_per_100km,experience_years,daily_steps
D016,26,0.0,0.13990837,total_events_per_100km_trend,total_events_per_100km,experience_years
D105,26,15.0,0.13365886,total_events_per_100km_trend,daily_steps_trend,daily_hours
D077,26,20.0,0.13114999,age,total_events_per_100km_trend,idle_time_pct
D035,11,55.0,0.124238774,daily_km,total_events_per_100km_trend,daily_hours
D093,26,0.0,0.11597177,daily_hours,total_events_per_100km_trend,idle_time_pct
D121,16,0.0,0.114184886,total_events_per_100km,total_events_per_100km_trend,fuel_per_100km_trend
D131,26,40.0,0.109937735,total_events_per_100km_trend,fuel_per_100km_trend,daily_walk_minutes
D075,26,55.0,0.10135005,idle_time_pct,daily_steps_trend,total_events_per_100km_trend
D037,26,0.0,0.0976931,daily_steps_trend,total_events_per_100km,night_driving_pct
D130,26,40.0,0.09713122,idle_time_pct,total_events_per_100km_trend,total_events_per_100km
D078,10,20.0,0.08805617,total_events_per_100km,total_events_per_100km_trend,night_driving_pct
D136,26,0.0,0.080249086,total_events_per_100km_trend,hard_brakes_per_100km,night_driving_pct
D008,26,40.0,0.07933816,fuel_per_100km_trend,hard_brakes_per_100km,safety_score
D027,26,20.0,0.07754287,age,daily_km,total_events_per_100km_trend
D103,26,40.0,0.07021959,age,total_events_per_100km_trend,experience_years
D074,26,75.0,0.06799718,experience_years,age,total_events_per_100km_trend
D086,26,20.0,0.06755767,idle_time_pct,age,total_events_per_100km_trend
D026,26,40.0,0.063956015,experience_years,age,total_events_per_100km_trend
D143,26,60.0,0.06150428,age,fuel_per_100km_trend,total_events_per_100km_trend
D004,26,0.0,0.060706932,age,night_driving_pct,total_events_per_100km_trend
D002,26,15.0,0.05803927,idle_time_pct,total_events_per_100km_trend,hard_brakes_per_100km
D064,26,55.0,0.05791122,total_events_per_100km,daily_steps_trend,experience_years
D054,26,35.0,0.057083614,daily_steps_trend,age,hard_brakes_per_100km
D050,26,40.0,0.056099195,total_events_per_100km_trend,idle_time_pct,daily_km
D150,26,35.0,0.055994377,daily_steps_trend,idle_time_pct,total_events_per_100km_trend
D033,26,0.0,0.049714223,idle_time_pct,total_events_per_100km_trend,hard_brakes_per_100km
D038,26,0.0,0.04968737,experience_years,total_events_per_100km_trend,daily_steps
D003,26,20.0,0.048420556,total_events_per_100km_trend,experience_years,idle_time_pct
D115,26,0.0,0.04701245,idle_time_pct,total_events_per_100km_trend,hard_brakes_per_100km
D011,26,40.0,0.046339784,total_events_per_100km_trend,daily_km,idle_time_pct
D062,26,60.0,0.045095194,hard_accels_per_100km,idle_time_pct,safety_score
D107,11,20.0,0.042273045,idle_time_pct,total_events_per_100km_trend,hard_brakes_per_100km
D129,26,20.0,0.04052186,total_events_per_100km,age,night_driving_pct
D039,26,35.0,0.03859193,idle_time_pct,total_events_per_100km_trend,safety_score
D045,26,55.0,0.038070858,hard_accels_per_100km,idle_time_pct,daily_steps_trend
D025,26,20.0,0.03445432,experience_years,age,total_events_per_100km
D024,26,40.0,0.034083445,age,total_events_per_100km_trend,experience_years
D146,26,35.0,0.033692475,hard_accels_per_100km,total_events_per_100km_trend,daily_steps_trend
D148,26,40.0,0.032512642,total_events_per_100km_trend,hard_accels_per_100km,total_events_per_100km
D095,26,0.0,0.03223195,idle_time_pct,total_events_per_100km_trend,hard_brakes_per_100km
D100,26,0.0,0.03218925,total_events_per_100km,fuel_per_100km_trend,total_events_per_100km_trend
D122,26,20.0,0.03169146,idle_time_pct,experience_years,hard_brakes_per_100km
D141,26,0.0,0.030967781,idle_time_pct,total_events_per_100km_trend,co2_per_km_trend
D110,26,35.0,0.030676642,total_events_per_100km,daily_hours,daily_steps_trend
D023,26,0.0,0.030116191,hard_accels_per_100km,total_events_per_100km_trend,safety_score
D144,26,20.0,0.028996501,daily_hours,total_events_per_100km,fuel_per_100km_trend
D104,26,0.0,0.027830752,total_events_per_100km_trend,age,experience_years
D029,26,15.0,0.027174205,total_events_per_100km_trend,idle_time_pct,daily_steps_trend
D053,16,35.0,0.026971765,daily_steps_trend,daily_floors,daily_km
D133,26,35.0,0.026177904,idle_time_pct,age,total_events_per_100km_trend
D142,26,0.0,0.02616998,idle_time_pct,total_events_per_100km_trend,experience_years
D139,26,40.0,0.02609626,total_events_per_100km,age,experience_years
D041,26,0.0,0.02328448,age,total_events_per_100km,total_events_per_100km_trend
D081,26,40.0,0.022028606,age,total_events_per_100km,total_events_per_100km_trend
D089,26,15.0,0.021445146,experience_years,total_events_per_100km,daily_steps_trend
D090,26,0.0,0.02143114,idle_time_pct,total_events_per_100km_trend,experience_years
D132,26,20.0,0.019831099,daily_km,total_events_per_100km_trend,trips_per_day
D043,26,55.0,0.016842427,idle_time_pct,daily_steps_trend,experience_years
D012,26,0.0,0.01636259,total_events_per_100km,age,daily_hours
D083,26,20.0,0.016340097,idle_time_pct,total_events_per_100km_trend,daily_steps_trend
D126,26,40.0,0.015930077,experience_years,idle_time_pct,total_events_per_100km_trend
D092,26,60.0,0.015525255,experience_years,total_events_per_100km_trend,total_events_per_100km
D149,26,40.0,0.014303344,hard_accels_per_100km,total_events_per_100km_trend,safety_score
D140,26,20.0,0.014049867,experience_years,safety_score_trend,total_events_per_100km_trend
D065,26,60.0,0.0139438575,idle_time_pct,experience_years,total_events_per_100km_trend
D063,14,15.0,0.013353546,hard_accels_per_100km,total_events_per_100km,total_events_per_100km_trend
D067,26,0.0,0.012161254,hard_accels_per_100km,age,total_events_per_100km_trend
D098,26,0.0,0.012133582,idle_time_pct,age,total_events_per_100km_trend
D032,26,15.0,0.012114342,idle_time_pct,total_events_per_100km,experience_years
D085,26,35.0,0.012061527,idle_time_pct,total_events_per_100km_trend,experience_years
D091,26,15.0,0.011781401,total_events_per_100km_trend,hard_accels_per_100km,has_eco_training
D101,26,0.0,0.011446708,experience_years,age,total_events_per_100km
D059,26,20.0,0.010870863,idle_time_pct,total_events_per_100km_trend,hard_brakes_per_100km
D034,26,0.0,0.01060528,total_events_per_100km,age,daily_steps_trend
D058,26,0.0,0.010381356,total_events_per_100km,total_events_per_100km_trend,daily_steps_trend
D128,26,0.0,0.009533903,hard_accels_per_100km,total_events_per_100km_trend,hard_brakes_per_100km
D018,26,20.0,0.0082338825,age,total_events_per_100km_trend,experience_years
D084,26,0.0,0.00795199,experience_years,safety_score_trend,idle_time_pct
D124,26,15.0,0.0076274266,experience_years,total_events_per_100km_trend,idle_time_pct
D125,26,0.0,0.007603984,experience_years,total_events_per_100km,age
D028,26,0.0,0.0065848697,idle_time_pct,total_events_per_100km_trend,age
D057,26,0.0,0.006552363,hard_accels_per_100km,age,total_events_per_100km_trend
D072,26,0.0,0.0062298714,idle_time_pct,total_events_per_100km_trend,experience_years
D044,26,60.0,0.005569225,experience_years,idle_time_pct,total_events_per_100km
D046,26,0.0,0.004448272,experience_years,hard_brakes_per_100km,total_events_per_100km_trend
D009,26,20.0,0.0039065913,idle_time_pct,age,total_events_per_100km_trend
D117,26,20.0,0.003668284,age,idle_time_pct,experience_years
D069,26,20.0,0.0034145552,idle_time_pct,total_events_per_100km_trend,experience_years
D135,26,0.0,0.0022282149,idle_time_pct,experience_years,total_events_per_100km_trend
D021,26,20.0,0.0018108031,hard_accels_per_100km,age,total_events_per_100km_trend
D005,26,20.0,0.0015282051,experience_years,idle_time_pct,total_events_per_100km_trend
