driver_id,hard_brakes_per_100km,hard_accels_per_100km,speeding_per_100km,phone_use_per_100km,total_events_per_100km,fuel_per_100km,idle_time_pct,daily_hours,daily_km,night_driving_pct,daily_steps,daily_floors,daily_lifting_events,co2_per_km,cluster,pca_1,pca_2
D001,0.5252941176470588,0.4005882352941177,0.17941176470588235,0.11294117647058823,2.5394117647058825,12.264117647058825,37.78823529411765,3.6999999999999997,158.21764705882353,35.970588235294116,1596.3529411764705,31.523529411764706,5.135294117647058,0.2833176470588235,1,-2.0420613257115736,1.6984033421215803
D002,2.572307692307692,1.188076923076923,1.8646153846153846,0.6092307692307692,10.392307692307693,21.57038461538462,123.44615384615385,3.534615384615385,125.72307692307693,0.0,2384.076923076923,55.63461538461539,4.980769230769231,0.4982692307692308,0,4.271432406859848,1.231874404778886
D003,1.0603846153846155,0.7411538461538462,0.5988461538461538,0.315,4.655,12.951923076923077,47.01538461538462,3.8884615384615384,229.05,100.0,832.6538461538462,11.873076923076923,3.646153846153846,0.29919615384615383,2,-2.850915339134233,-1.7311829615637206
D004,0.4,0.32923076923076927,0.16653846153846155,0.09384615384615384,2.039230769230769,11.98423076923077,39.44615384615384,3.6692307692307695,158.71923076923076,0.0,1405.9615384615386,25.33076923076923,4.046153846153846,0.27681923076923076,1,-2.6838927378270836,1.041570926144156
D005,1.2873076923076923,1.008076923076923,0.5319230769230769,0.35307692307692307,5.2773076923076925,15.517307692307693,69.17692307692307,3.626923076923077,158.1846153846154,100.0,1477.7692307692307,28.215384615384615,4.792307692307692,0.35848076923076927,1,-0.2811452354063681,0.50141707163215
D006,0.4634615384615385,0.28076923076923077,0.09615384615384616,0.12000000000000001,1.9438461538461538,13.606538461538461,48.073076923076925,3.3346153846153848,122.38076923076923,0.0,2287.269230769231,50.73461538461538,5.053846153846154,0.31430769230769234,1,-0.5935630610246392,3.508458305042311
D007,4.1,2.6653846153846152,2.8530769230769235,0.7738461538461539,13.628846153846155,17.898076923076925,55.19615384615384,3.4692307692307693,147.46923076923076,0.07692307692307693,1481.076923076923,29.16153846153846,4.323076923076924,0.4134653846153846,0,3.1366918770778325,-1.9893037578015846
D008,3.870769230769231,2.852307692307692,2.9026923076923077,0.8296153846153846,13.792692307692308,15.60576923076923,39.27307692307692,3.661538461538462,217.25,56.16538461538461,766.2692307692307,10.934615384615386,3.130769230769231,0.3604769230769231,2,0.906959510318906,-4.61274148039023
D009,2.0096000000000003,1.5652000000000001,1.3419999999999999,0.6460000000000001,10.664000000000001,18.802,110.90799999999999,3.6919999999999997,157.68,100.0,1556.36,28.596,5.0,0.434324,0,2.1964084596127584,-0.49608051417557314
D010,1.713846153846154,1.0607692307692307,0.8523076923076923,0.2746153846153846,6.408846153846154,15.623076923076923,67.51538461538462,3.573076923076923,152.9,50.63076923076923,1432.8461538461538,26.065384615384616,4.3769230769230765,0.36090769230769226,1,-0.12940511275711897,0.20781330890052435
D011,2.036153846153846,1.4646153846153847,1.2503846153846152,0.7561538461538462,10.500384615384615,15.458461538461538,78.08076923076922,3.819230769230769,216.2576923076923,0.0,844.9230769230769,14.11923076923077,3.4615384615384617,0.35706923076923075,2,-0.2537505947301655,-2.6941513891002264
D012,0.39692307692307693,0.23,0.11730769230769231,0.10346153846153847,2.0380769230769227,13.428846153846154,47.21923076923077,3.45,127.75384615384615,52.48076923076923,2321.423076923077,51.284615384615385,5.076923076923077,0.3102230769230769,1,-0.8439370106215308,3.2682608634476726
D013,1.2176923076923076,0.9823076923076923,0.4926923076923077,0.38423076923076926,5.463461538461539,16.934615384615384,73.32307692307693,3.3653846153846154,124.06923076923077,0.0,2192.153846153846,50.45769230769231,4.561538461538461,0.3911923076923077,1,1.186809226863305,2.191065688284495
D014,0.3796153846153846,0.26576923076923076,0.16576923076923078,0.09076923076923077,1.915,13.013846153846155,42.79230769230769,3.373076923076923,124.66923076923078,100.0,2207.3076923076924,46.51153846153846,4.653846153846154,0.3006076923076923,1,-1.2030241747574302,2.8459745789011017
D015,3.8556,3.6752,2.9468,0.8488,14.572000000000001,19.5716,61.583999999999996,3.3480000000000003,126.444,0.0,2061.08,44.9,4.328,0.452088,0,4.672043819020091,-1.2817996227277944
D016,1.4742307692307692,0.7696153846153847,0.83,0.2723076923076923,5.251923076923077,15.399999999999999,67.04230769230769,3.6923076923076925,159.93846153846152,0.0,1495.5,28.096153846153847,4.788461538461538,0.35573076923076924,1,-0.31724783274288765,0.6555971308858478
D017,1.4023076923076923,0.9342307692307692,0.9111538461538462,0.3130769230769231,5.351153846153846,15.269615384615385,64.03076923076922,3.8230769230769233,162.02307692307693,0.0,1465.5384615384614,27.465384615384615,4.565384615384615,0.3527230769230769,1,-0.5196098821633477,0.20573581212723996
D018,1.3073076923076923,0.8619230769230769,0.575,0.2619230769230769,4.888076923076923,15.649999999999999,69.04230769230769,3.6346153846153846,156.33846153846156,100.0,1455.2692307692307,25.423076923076923,4.546153846153846,0.3615,1,-0.5287028943597418,0.42166383870275637
D019,0.45269230769230767,0.36846153846153845,0.1473076923076923,0.10153846153846155,2.0353846153846153,12.051153846153845,40.86538461538461,3.623076923076923,158.32692307692307,0.0,1450.0,26.51153846153846,4.896153846153846,0.2783923076923077,1,-2.2480260179618106,1.625479184965263
D020,2.266363636363636,1.3318181818181818,1.2090909090909092,0.3018181818181818,7.970909090909092,13.407272727272726,42.154545454545456,3.6181818181818177,212.75454545454548,0.0,854.1818181818181,13.563636363636363,3.409090909090909,0.3097,2,-1.5429895760895844,-1.925599252072497
D021,3.197307692307692,3.8853846153846154,2.0761538461538462,0.8738461538461538,13.532307692307693,19.86923076923077,64.3423076923077,3.4153846153846152,127.29615384615384,53.573076923076925,2300.153846153846,49.526923076923076,4.8,0.4589653846153846,0,4.557406557753403,-0.5711654612604377
D022,0.3780769230769231,0.29538461538461536,0.09115384615384615,0.10423076923076922,2.036538461538462,10.212307692307691,26.66923076923077,3.8346153846153848,225.47307692307692,46.073076923076925,832.9230769230769,13.757692307692308,3.369230769230769,0.23588846153846152,2,-4.4763474605396345,-0.8548031420944071
D023,3.978846153846154,3.5773076923076923,2.9334615384615383,0.7392307692307691,14.741923076923078,19.179615384615385,55.95,3.273076923076923,121.78846153846153,0.0,2039.3076923076924,47.51538461538462,4.3,0.44303076923076923,0,4.539366859169366,-1.032361613059501
D024,1.411153846153846,0.8134615384615385,0.6319230769230769,0.31346153846153846,5.265,13.265384615384615,49.68076923076923,4.053846153846154,230.59230769230768,0.0,835.9230769230769,13.48076923076923,3.588461538461538,0.30643461538461536,2,-2.670931337417677,-1.8559081140226452
D025,0.38923076923076927,0.2676923076923077,0.1576923076923077,0.08192307692307692,1.7696153846153846,10.37576923076923,30.25,4.088461538461538,238.65384615384616,0.11153846153846153,894.5,13.373076923076923,3.7615384615384615,0.23966923076923077,2,-4.555283705999265,-0.8935280990544183
D026,1.47,1.02,0.7988461538461539,0.28923076923076924,5.8549999999999995,12.838846153846154,46.24615384615385,3.715384615384615,214.6153846153846,100.0,799.4615384615385,12.873076923076923,3.6884615384615387,0.29656923076923075,2,-2.3286872386937296,-1.643999809551698
D027,1.5634615384615385,0.7492307692307693,0.8092307692307692,0.2773076923076923,5.531538461538461,12.776923076923076,48.70769230769231,4.030769230769231,232.07692307692307,99.92307692307692,895.3846153846154,14.926923076923078,3.3846153846153846,0.2951615384615385,2,-2.8475303742332314,-2.178262908128504
D028,2.0296153846153846,1.1934615384615386,1.4753846153846153,0.5784615384615385,9.624615384615385,14.77346153846154,73.45384615384616,4.05,239.2346153846154,0.0,860.1538461538462,14.38846153846154,3.730769230769231,0.3412769230769231,2,-0.9667973790363331,-2.7841885803405755
D029,1.183846153846154,0.985,0.5480769230769231,0.25423076923076926,5.034230769230769,17.00423076923077,69.32307692307693,3.3153846153846156,121.21923076923076,0.0,2186.153846153846,49.103846153846156,4.684615384615385,0.39278076923076927,1,1.090834547444168,2.451175013700919
D030,4.211923076923077,2.7849999999999997,2.8603846153846155,0.9146153846153846,13.84769230769231,19.901538461538465,62.93846153846154,3.411538461538462,121.36538461538461,0.0,2414.5384615384614,55.15384615384615,5.165384615384616,0.4597230769230769,0,5.167016758997782,-0.22731425882341316
D031,3.043461538461538,3.426153846153846,2.1065384615384617,0.7592307692307692,13.04076923076923,19.825384615384618,61.30384615384616,3.376923076923077,124.25384615384615,56.36923076923077,2307.4615384615386,51.0,4.9192307692307695,0.45796923076923074,0,4.333701801784719,-0.1118048986384875
D032,1.5384615384615385,0.9515384615384614,0.8376923076923077,0.22192307692307692,5.524615384615386,17.07923076923077,74.55,3.4923076923076923,127.96923076923076,0.0,2213.076923076923,50.17307692307692,4.792307692307692,0.3945384615384615,1,1.1756367365922986,2.122645576179847
D033,1.4253846153846155,0.9776923076923076,0.7938461538461539,0.2919230769230769,5.957307692307693,15.767692307692307,67.91538461538461,3.5461538461538464,150.71923076923076,0.0,1479.7692307692307,26.35,4.792307692307692,0.36423076923076925,1,0.043444319489210736,0.7772916308221329
D034,0.5280769230769231,0.3069230769230769,0.11538461538461539,0.11076923076923076,2.0565384615384614,13.093076923076923,44.52307692307692,3.446153846153846,126.79615384615384,0.0,2235.3076923076924,51.30384615384616,4.746153846153846,0.3024269230769231,1,-0.9798223148255755,3.0987080446915214
D035,0.5963636363636364,0.44909090909090904,0.20909090909090908,0.15181818181818182,3.297272727272727,13.57818181818182,41.081818181818186,3.5545454545454547,131.97272727272727,0.0,2229.6363636363635,45.690909090909095,4.618181818181818,0.31364545454545456,1,-0.9595686758538171,2.4987039121263686
D036,2.006923076923077,1.4996153846153848,1.1646153846153846,0.5957692307692308,10.243846153846155,14.743846153846153,77.11538461538461,3.923076923076923,229.84230769230768,47.888461538461534,773.5769230769231,12.3,3.230769230769231,0.34058076923076924,2,-1.0065512937518546,-3.078006775301488
D037,0.36576923076923074,0.2696153846153846,0.12153846153846154,0.09538461538461539,1.7315384615384615,13.485384615384616,43.58846153846154,3.4846153846153842,125.44615384615385,0.0,2297.076923076923,52.17307692307692,4.911538461538462,0.3115153846153846,1,-0.9183901322180642,3.2932905348467805
D038,3.3230769230769233,3.4161538461538465,2.2423076923076923,0.9034615384615384,13.577692307692306,19.37846153846154,58.926923076923075,3.5,129.5,0.0,2171.269230769231,46.96923076923077,4.903846153846154,0.4476538461538461,0,4.285394187267257,-0.6509552290285727
D039,2.671538461538461,1.2661538461538462,1.8619230769230768,0.5676923076923077,10.487307692307693,21.511153846153846,126.41153846153846,3.3076923076923075,119.04615384615384,0.0,2218.153846153846,49.026923076923076,4.6692307692307695,0.49691538461538465,0,4.28419904920469,1.1434737986898023
D040,0.49807692307692303,0.26,0.17230769230769233,0.125,2.1765384615384615,13.265384615384615,46.526923076923076,3.446153846153846,126.89230769230768,0.0,2242.730769230769,49.05,4.888461538461538,0.3064423076923077,1,-0.8787232827040018,3.117998940373645
D041,0.44269230769230766,0.36576923076923074,0.1123076923076923,0.1026923076923077,2.1569230769230767,10.257307692307693,27.365384615384617,4.0115384615384615,233.33846153846156,0.0,802.4615384615385,11.003846153846155,3.75,0.23693846153846154,2,-4.50871186732038,-0.9464021929878612
D042,1.3189473684210526,1.2552631578947369,0.5931578947368421,0.3836842105263158,6.229473684210526,15.826842105263157,70.70526315789475,3.473684210526316,148.54736842105262,49.72631578947368,1518.3157894736842,27.678947368421053,4.921052631578948,0.36559473684210525,1,0.3026050176769089,0.8090305940845379
D043,1.886153846153846,1.1726923076923077,1.3753846153846152,0.6392307692307693,9.279230769230768,19.306153846153844,115.14615384615385,3.6115384615384616,154.96153846153845,0.0,1490.3076923076924,27.084615384615386,4.676923076923076,0.44598076923076924,0,2.1662344102329207,-0.16518029860871963
D044,1.1819230769230769,0.98,0.5442307692307693,0.2476923076923077,5.264615384615384,17.51269230769231,79.93846153846154,3.4038461538461537,125.77692307692307,48.55384615384616,2358.230769230769,52.99230769230769,4.842307692307693,0.4045307692307692,1,1.3428555187177216,2.490597281267191
D045,3.1853846153846157,2.741923076923077,2.1523076923076925,0.806923076923077,11.898846153846154,19.09346153846154,60.94230769230769,3.3884615384615384,131.82307692307694,42.426923076923075,2201.6153846153848,49.96923076923077,5.053846153846154,0.44105769230769226,0,3.955043179051215,-0.011027784666817217
D046,3.8765384615384617,2.8746153846153844,2.8207692307692307,0.8442307692307692,13.556923076923077,17.736923076923077,51.63076923076923,3.7384615384615385,163.80769230769232,0.0,1360.1923076923076,24.53846153846154,4.3307692307692305,0.4097461538461538,0,2.647869862851479,-2.7146748154661338
D047,1.1196153846153847,0.8438461538461539,0.5407692307692308,0.2915384615384615,5.1038461538461535,12.823461538461537,44.36923076923077,3.973076923076923,231.7923076923077,49.43846153846154,870.2307692307693,12.51923076923077,3.2115384615384617,0.2962461538461538,2,-3.0584194781570324,-1.9880641307702223
D048,0.42130434782608694,0.30478260869565216,0.18869565217391304,0.10260869565217393,2.106086956521739,10.57913043478261,28.143478260869564,3.9347826086956523,229.8695652173913,100.0,881.0434782608696,13.108695652173912,3.4347826086956523,0.24436521739130435,2,-4.474092347058392,-1.1388696218028063
D049,1.155,0.9880769230769231,0.6273076923076922,0.2603846153846154,5.2907692307692304,15.654230769230768,64.98846153846154,3.6076923076923078,157.55769230769232,56.146153846153844,1457.8076923076924,26.74230769230769,4.384615384615385,0.36160000000000003,1,-0.5053453456363511,0.44498697812581284
D050,1.8846153846153846,1.6707692307692308,1.3665384615384615,0.6442307692307693,10.700769230769232,14.716153846153846,71.3,4.096153846153846,237.5,0.07307692307692307,907.7692307692307,14.473076923076924,3.661538461538462,0.3399384615384615,2,-0.8455886728634854,-3.033263106268047
D051,0.5776923076923077,0.3380769230769231,0.24076923076923076,0.08653846153846154,2.295,12.26346153846154,39.18076923076923,3.5615384615384613,147.59230769230768,47.223076923076924,1541.0,26.726923076923075,4.530769230769231,0.28328846153846154,1,-2.1741249318383877,1.4773323487975145
D052,0.435,0.2866666666666667,0.13749999999999998,0.09833333333333333,1.8983333333333332,10.567083333333333,28.233333333333334,3.8249999999999997,221.6208333333333,55.449999999999996,820.625,14.520833333333334,3.25,0.24409583333333332,2,-4.380684750378451,-0.8992860850747021
D053,1.814375,1.298125,1.205,0.304375,7.176875,15.994375,65.7,3.46875,145.45,0.0,1411.875,25.0375,4.5125,0.36949375,1,0.4357688415183122,0.2937535875575848
D054,3.2026923076923075,3.490769230769231,2.115,0.7157692307692307,12.982692307692307,18.63423076923077,53.25769230769231,3.380769230769231,126.28461538461539,0.0,2188.4615384615386,47.81153846153846,4.711538461538462,0.43043076923076923,0,3.8537391597539625,-0.2924885462135435
D055,1.522857142857143,0.9157142857142857,0.6164285714285714,0.315,5.617142857142857,13.005714285714287,42.378571428571426,3.8642857142857143,228.4857142857143,0.0,715.7857142857143,11.085714285714285,3.142857142857143,0.30045714285714287,2,-2.7691280848430653,-2.0712934479464185
D056,0.48230769230769227,0.32923076923076927,0.20807692307692308,0.10153846153846155,2.146153846153846,11.88423076923077,38.27307692307692,3.6769230769230767,160.71538461538464,100.0,1382.3076923076924,26.996153846153845,4.257692307692308,0.2745076923076923,1,-2.697127471634134,0.8703558815920875
D057,3.2361538461538464,2.8234615384615385,2.246153846153846,0.8234615384615385,12.50576923076923,19.60653846153846,59.90384615384615,3.480769230769231,129.43846153846155,0.0,2316.6153846153848,52.63076923076923,5.165384615384616,0.4528923076923077,0,4.271288726121833,0.06918958217552015
D058,0.5561538461538462,0.32961538461538464,0.21461538461538462,0.17038461538461538,2.1926923076923077,13.189615384615385,46.396153846153844,3.196153846153846,117.64230769230768,57.28846153846154,2194.423076923077,50.23461538461538,4.734615384615385,0.30466153846153843,1,-0.6116932658167319,3.197806942564482
D059,2.858076923076923,1.6019230769230768,2.055,0.7734615384615384,13.43576923076923,20.42115384615385,112.96153846153847,3.223076923076923,121.2576923076923,0.0,1998.2692307692307,43.09615384615385,4.657692307692307,0.47173846153846155,0,4.395965829312316,0.34282331153477996
D060,0.3303846153846154,0.3807692307692308,0.14192307692307693,0.12884615384615386,2.065769230769231,12.334999999999999,40.31153846153846,3.673076923076923,155.65384615384616,0.0,1479.5384615384614,26.96153846153846,4.596153846153846,0.2849307692307692,1,-2.3058354756455572,1.4367893257177973
D061,0.37538461538461537,0.2857692307692308,0.1176923076923077,0.115,1.7934615384615387,10.225384615384616,28.373076923076926,3.876923076923077,224.52692307692308,100.0,849.8461538461538,12.515384615384615,3.4192307692307695,0.23623076923076922,2,-4.538450657110538,-1.0155177002452571
D062,3.2638461538461536,3.5134615384615384,1.9923076923076926,0.7611538461538461,12.873076923076923,19.422307692307694,61.53846153846154,3.380769230769231,123.81923076923077,100.0,2288.8846153846152,53.65384615384615,5.276923076923077,0.44866538461538463,0,4.3869604336819235,0.004865426469149079
D063,2.579285714285714,1.547857142857143,2.1792857142857143,0.535,11.795714285714286,21.212142857142858,114.64285714285714,3.4499999999999997,129.15714285714287,47.199999999999996,2169.5,48.80714285714286,4.664285714285714,0.4900214285714286,0,4.027203107018038,0.5001458293892931
D064,0.34615384615384615,0.27076923076923076,0.17307692307692307,0.14423076923076922,2.0542307692307693,12.98653846153846,43.46923076923077,3.5,132.46923076923076,100.0,2077.423076923077,44.400000000000006,4.630769230769231,0.29998846153846154,1,-1.4031242044872263,2.418403382115484
D065,2.436923076923077,1.4884615384615385,1.8042307692307693,0.7123076923076923,11.398846153846154,19.983076923076926,126.17307692307692,3.45,148.18076923076922,100.0,1452.923076923077,27.334615384615386,4.684615384615385,0.46160384615384614,0,3.097828829158208,-0.6764578331076542
D066,0.5092307692307693,0.1803846153846154,0.19884615384615384,0.10769230769230768,1.8653846153846154,13.122307692307693,46.26923076923077,3.4423076923076925,131.65,0.0,2289.4615384615386,50.650000000000006,5.007692307692308,0.3031423076923077,1,-0.9023124205017929,3.265196438740667
D067,3.9507692307692306,3.3303846153846157,3.1630769230769227,0.7780769230769231,14.956538461538461,17.75076923076923,55.01538461538462,3.457692307692308,151.28846153846155,52.81153846153846,1344.4615384615386,24.1,4.619230769230769,0.4100346153846154,0,3.337786125591236,-2.4820660900589413
D068,1.0484615384615386,1.081923076923077,0.5542307692307692,0.2569230769230769,5.2457692307692305,12.932307692307692,48.91538461538461,3.769230769230769,224.2,0.0,806.8846153846154,11.565384615384614,3.730769230769231,0.2987384615384615,2,-2.530436703530073,-1.3201756229183865
D069,1.5611538461538463,0.7380769230769231,0.7961538461538461,0.2742307692307692,5.352692307692307,17.67153846153846,74.19615384615385,3.303846153846154,120.80000000000001,47.25384615384615,2228.923076923077,50.55384615384616,4.492307692307692,0.40822692307692304,1,1.3829529880330873,2.1766382939179225
D070,2.055769230769231,1.3269230769230769,1.3299999999999998,0.6080769230769231,10.483076923076924,18.537307692307692,105.20384615384616,3.5307692307692307,152.41538461538462,0.0,1439.4615384615386,27.70384615384615,4.5576923076923075,0.4282076923076923,0,2.042756520651831,-0.26245984612723666
D071,1.2816666666666665,1.1204166666666666,0.6425,0.27625,5.759583333333333,13.086666666666666,45.62916666666666,3.9625,228.3375,48.99583333333334,886.5416666666666,12.695833333333333,3.4,0.3022916666666667,2,-2.709446475423241,-1.9875144109206713
D072,2.4703846153846154,1.0884615384615386,1.889230769230769,0.6623076923076923,10.25423076923077,20.892307692307693,122.93846153846154,3.4923076923076923,128.76923076923077,0.0,2349.9615384615386,52.400000000000006,4.780769230769231,0.48260769230769235,0,4.00713885128239,1.0518966011039887
D073,1.7760000000000002,1.4469999999999998,0.775,0.341,7.276000000000001,13.453,45.17,4.1899999999999995,245.0,55.989999999999995,994.4,16.53,3.6799999999999997,0.31074999999999997,2,-2.3428445841046446,-2.525492101070621
D074,1.3946153846153846,0.818076923076923,0.8238461538461539,0.4215384615384616,5.3719230769230775,15.427692307692308,66.23461538461538,3.4423076923076925,147.01538461538462,100.0,1439.6923076923076,27.196153846153848,4.334615384615384,0.3563807692307692,1,-0.12742064592097763,0.3805252705108278
D075,1.5611538461538463,0.9826923076923078,0.7557692307692307,0.2923076923076923,5.821153846153846,15.573846153846155,67.8076923076923,3.6076923076923078,155.73846153846154,0.0,1476.3461538461538,27.192307692307693,4.634615384615385,0.35975,1,-0.12296340056174145,0.5688336421563827
D076,0.3723076923076923,0.22692307692307695,0.10576923076923077,0.13423076923076924,1.7376923076923076,12.600769230769231,43.48076923076923,3.6576923076923076,155.40769230769232,0.0,1486.1153846153845,27.234615384615385,4.796153846153846,0.2910884615384615,1,-2.175266820856601,1.6468371599877694
D077,1.5576923076923077,0.7146153846153845,0.7496153846153847,0.2923076923076923,5.248846153846154,12.745384615384616,49.20384615384615,3.946153846153846,229.28846153846155,100.0,917.2307692307693,15.453846153846154,3.7807692307692307,0.29442307692307695,2,-2.626030081264368,-1.7605839481277525
D078,4.491,3.22,3.321,1.006,16.685,20.144,58.379999999999995,3.5799999999999996,134.57999999999998,40.44,2396.1,51.65,4.83,0.46531,0,5.329329566695102,-1.5347175398242585
D079,0.45692307692307693,0.3811538461538462,0.15,0.13653846153846153,2.0961538461538463,13.113461538461538,43.473076923076924,3.3653846153846154,124.10384615384615,0.0,2058.769230769231,46.099999999999994,4.446153846153846,0.30291153846153845,1,-1.0997124958792228,2.7789736496358954
D080,0.6418181818181817,0.3481818181818182,0.1859090909090909,0.09,2.4640909090909093,12.073636363636364,37.17727272727273,3.5,148.98181818181817,100.0,1401.0,29.427272727272726,4.631818181818182,0.2789181818181818,1,-2.2009250809078855,1.4288451300107183
D081,0.39115384615384613,0.31,0.11461538461538462,0.08923076923076922,1.9769230769230768,10.223846153846154,25.084615384615386,4.130769230769231,242.62692307692308,41.51153846153846,854.9615384615385,13.8,3.5307692307692307,0.23616153846153848,2,-4.818038188193229,-1.2601183756262413
D082,3.1653846153846152,2.9180769230769235,2.153076923076923,0.8015384615384615,12.306923076923077,19.625384615384615,61.815384615384616,3.369230769230769,122.30000000000001,54.1576923076923,2302.846153846154,50.83076923076923,4.734615384615385,0.4533307692307692,0,4.15350701199048,-0.09628505502541038
D083,1.955769230769231,1.4576923076923076,1.3457692307692308,0.7115384615384616,10.575,20.706923076923076,121.6423076923077,3.2346153846153842,120.80384615384615,50.16538461538461,2126.3076923076924,47.176923076923075,4.576923076923077,0.47833846153846155,0,3.842846236612588,1.0658497531388902
D084,1.1796153846153845,1.1192307692307693,0.5430769230769231,0.2511538461538461,5.28923076923077,15.913076923076924,68.42307692307692,3.519230769230769,147.06538461538463,48.62307692307692,1395.3846153846155,25.407692307692308,4.5,0.36758846153846153,1,-0.2564029949313423,0.6617732266831002
D085,2.4184615384615387,1.348076923076923,1.8288461538461538,0.5892307692307692,11.249615384615385,18.07076923076923,104.26538461538462,3.730769230769231,162.48846153846154,100.0,1450.3461538461538,26.815384615384616,4.323076923076924,0.4174423076923077,0,1.7597395772336384,-1.2615162002925793
D086,1.1542307692307694,0.838076923076923,0.4773076923076923,0.2530769230769231,4.640384615384615,17.232307692307693,76.29230769230769,3.476923076923077,128.53076923076924,0.0,2376.769230769231,52.50384615384615,5.0807692307692305,0.39807692307692305,1,1.1827578661175147,2.7171081180312937
D087,1.4546153846153846,0.9707692307692308,0.7746153846153846,0.28076923076923077,5.654615384615385,12.808461538461538,45.26923076923077,3.996153846153846,230.71923076923076,47.43076923076923,916.0769230769231,14.096153846153847,4.1269230769230765,0.2958923076923077,2,-2.4943783347854787,-1.6178801259391649
D088,0.5726923076923077,0.31923076923076926,0.21076923076923076,0.07653846153846154,2.3776923076923078,13.508076923076922,45.01923076923077,3.3499999999999996,122.70769230769231,0.0,2255.230769230769,52.62307692307692,4.530769230769231,0.3120538461538462,1,-0.7782403909881943,3.146983496243357
D089,0.41884615384615387,0.26692307692307693,0.16038461538461538,0.075,2.07,13.585384615384614,48.25384615384615,3.2961538461538464,119.38461538461539,0.0,2230.8076923076924,53.353846153846156,5.142307692307692,0.3138307692307692,1,-0.5290324114877907,3.6905398471005197
D090,1.5103846153846152,0.9888461538461539,0.8634615384615384,0.3142307692307692,5.856153846153846,15.801923076923078,69.48076923076923,3.553846153846154,147.48461538461538,0.0,1482.923076923077,27.96153846153846,4.4423076923076925,0.36502307692307695,1,0.04256028390346833,0.5773723111468947
D091,3.871153846153846,3.4946153846153845,2.9296153846153845,0.7773076923076924,14.663076923076924,17.90269230769231,55.25,3.553846153846154,152.62307692307692,49.61538461538461,1503.3461538461538,26.576923076923077,4.742307692307692,0.41352692307692307,0,3.3488884084339525,-2.3173911424242135
D092,3.8923076923076922,3.552692307692308,2.8423076923076924,0.8107692307692307,14.598076923076924,15.440384615384614,37.034615384615385,3.8346153846153848,221.22692307692307,100.0,887.1153846153846,15.807692307692308,3.3423076923076924,0.3566615384615384,2,1.0033068403439456,-4.8721905600716395
D093,0.5011538461538462,0.2576923076923077,0.17961538461538462,0.0673076923076923,2.2226923076923075,12.111153846153845,39.81923076923077,3.7115384615384617,163.90769230769232,47.77307692307692,1412.4615384615386,25.86923076923077,4.361538461538462,0.27976538461538464,1,-2.6532358637593587,1.03150759932109
D094,0.42192307692307696,0.27153846153846156,0.1803846153846154,0.13692307692307693,2.0757692307692306,10.342307692307692,28.584615384615386,3.746153846153846,219.22307692307692,50.142307692307696,879.6538461538462,14.257692307692308,3.473076923076923,0.23893461538461538,2,-4.174308280642447,-0.6585467985135519
D095,1.518846153846154,0.8946153846153847,0.8934615384615385,0.3,5.876923076923077,13.088076923076924,51.965384615384615,3.980769230769231,233.14615384615385,0.0,865.3461538461538,14.53076923076923,3.75,0.3023576923076923,2,-2.3919465362341317,-1.7901782294476152
D096,1.146923076923077,1.008846153846154,0.5223076923076924,0.28192307692307694,5.246538461538462,15.443461538461538,68.39615384615385,3.6692307692307695,160.39615384615385,43.61923076923077,1371.0384615384614,24.27692307692308,4.226923076923077,0.3567423076923077,1,-0.7210559526269663,0.18840348834447945
D097,0.4063636363636363,0.36363636363636365,0.15636363636363637,0.27545454545454545,2.713636363636364,13.893636363636363,46.32727272727272,3.463636363636364,121.34545454545454,44.77272727272727,2150.6363636363635,50.41818181818182,4.7,0.3209272727272727,1,-0.6502663895497464,2.713409306446802
D098,2.0461538461538464,1.5749999999999997,1.5192307692307692,0.6634615384615384,10.905384615384616,20.16923076923077,112.26153846153846,3.553846153846154,132.06923076923078,48.400000000000006,2185.1153846153848,48.71923076923077,4.230769230769231,0.46592307692307694,0,3.243591865953845,0.3408965728053549
D099,1.253076923076923,0.768076923076923,0.5088461538461538,0.32076923076923075,4.812307692307693,12.728461538461538,45.603846153846156,3.923076923076923,230.5653846153846,0.0,840.3846153846154,13.05,3.5576923076923075,0.2940384615384615,2,-2.831897635902713,-1.6125114903704714
D100,0.40653846153846157,0.23461538461538461,0.17038461538461538,0.11346153846153847,1.786153846153846,10.376153846153844,27.22307692307692,4.046153846153846,238.16153846153844,47.51538461538462,938.6538461538462,14.796153846153846,3.753846153846154,0.2396769230769231,2,-4.515573264525579,-0.9316475867877168
D101,0.41615384615384615,0.37269230769230766,0.1776923076923077,0.08153846153846155,1.9326923076923077,13.378461538461538,46.38076923076923,3.284615384615385,118.38846153846154,0.0,2361.846153846154,56.02307692307692,4.573076923076923,0.30903846153846154,1,-0.6559103151382741,3.4981557030823374
D102,0.40444444444444444,0.5122222222222222,0.12777777777777777,0.15333333333333332,2.8655555555555554,14.562222222222223,50.56666666666667,3.4444444444444446,122.21111111111112,38.12222222222223,2431.4444444444443,55.22222222222222,5.022222222222222,0.33640000000000003,1,-0.22564648827860995,3.308347904351028
D103,1.3226923076923076,0.9915384615384616,0.46846153846153843,0.41000000000000003,5.303076923076923,17.116153846153846,76.06153846153846,3.3653846153846154,126.46538461538461,47.888461538461534,2221.3076923076924,48.91153846153846,4.923076923076923,0.3953807692307692,1,1.3499019378323196,2.2167095941033605
D104,1.5961538461538463,0.825,0.9023076923076924,0.31153846153846154,5.527692307692307,15.542692307692308,67.10384615384615,3.569230769230769,152.36923076923077,0.0,1472.5384615384614,27.088461538461537,4.573076923076924,0.35904615384615385,1,-0.09013010806036986,0.594549016510372
D105,1.238076923076923,0.9288461538461538,0.5069230769230769,0.3007692307692308,5.322692307692307,12.746153846153845,46.95,4.2615384615384615,248.22692307692307,0.0,915.0,14.26923076923077,3.803846153846154,0.29444615384615386,2,-3.0683422624546735,-2.0266789550297757
D106,2.54,1.5976923076923077,2.0080769230769233,0.6203846153846153,11.575,21.150769230769228,119.43846153846154,3.4384615384615387,124.36538461538461,100.0,2236.576923076923,50.91153846153846,4.880769230769231,0.4885923076923077,0,4.209845966564913,0.6319227116666618
D107,0.7427272727272727,0.3727272727272727,0.23181818181818184,0.09090909090909091,2.7190909090909092,11.152727272727274,33.53636363636363,3.7363636363636363,216.6090909090909,100.0,867.7272727272727,12.827272727272726,3.027272727272727,0.2575909090909091,2,-4.027621163699352,-1.145442606894715
D108,3.7569565217391303,3.0434782608695654,2.3117391304347827,1.0178260869565217,13.69391304347826,17.824347826086957,55.4,3.682608695652174,158.36521739130436,41.93478260869565,1526.0434782608695,26.94782608695652,4.8130434782608695,0.41174782608695654,0,3.0758622525257597,-2.298508970874197
D109,1.6425,1.1220833333333333,1.0158333333333334,0.2841666666666667,6.3875,17.535416666666666,75.29166666666667,3.4333333333333336,121.29166666666667,0.0,2186.5833333333335,50.479166666666664,4.5249999999999995,0.4050875,1,1.5351482954925229,1.8535118295129518
D110,0.31038461538461537,0.27576923076923077,0.21307692307692308,0.07653846153846154,1.734230769230769,11.90576923076923,38.63076923076923,3.7346153846153842,162.01153846153846,100.0,1381.1153846153845,23.873076923076926,4.480769230769231,0.27503076923076925,1,-2.8302238021236272,0.9463274137009307
D111,4.589375,4.398125,3.715625,0.96375,17.5,20.189375000000002,63.53125,3.46875,126.04375,100.0,2274.75,52.4125,5.3125,0.46634375,0,6.083489048298755,-1.6885299803789096
D112,1.4039130434782607,1.0878260869565217,0.5852173913043479,0.31173913043478263,6.2239130434782615,13.079999999999998,50.97826086956522,3.869565217391304,225.37391304347827,61.0304347826087,866.304347826087,14.173913043478262,3.782608695652174,0.30216521739130436,2,-2.3387765673103122,-1.6868012766024605
D113,0.40692307692307694,0.16692307692307692,0.16884615384615384,0.12730769230769232,1.8030769230769228,13.128461538461538,42.12692307692308,3.4423076923076925,127.39615384615385,100.0,2213.1923076923076,49.54230769230769,4.880769230769231,0.30326923076923074,1,-1.1274581600144806,2.924809557199302
D114,3.2357692307692307,3.5546153846153845,2.0915384615384616,0.8234615384615385,13.065384615384614,15.231538461538461,38.7,3.776923076923077,222.73846153846154,0.0,842.9230769230769,13.765384615384615,3.2038461538461536,0.3518769230769231,2,0.5406487149994201,-4.257536483916151
D115,2.272307692307692,1.0638461538461539,2.01,0.7092307692307693,10.510384615384615,21.932307692307692,124.83461538461538,3.4923076923076923,126.76153846153846,46.70384615384615,2414.5,56.534615384615385,5.0807692307692305,0.5066576923076923,0,4.477174348868401,1.221166434466307
D116,3.72125,3.67375,2.511875,1.06375,14.680625,15.6525,41.0,3.525,207.41875,51.96875,885.75,15.05625,3.6375,0.3615625,0,1.7825383419531577,-4.230624172013496
D117,1.208076923076923,0.9773076923076923,0.5388461538461539,0.29538461538461536,5.511538461538462,15.581153846153846,66.81538461538462,3.819230769230769,161.53846153846155,0.0,1563.8846153846155,29.865384615384617,4.657692307692307,0.35990384615384613,1,-0.4646503493955325,0.5418749597761843
D118,1.4723076923076923,1.1311538461538462,0.6361538461538461,0.25038461538461537,5.87,12.770384615384614,49.05,3.746153846153846,221.09230769230768,50.63076923076923,865.2692307692307,12.623076923076923,3.4423076923076925,0.29498846153846153,2,-2.4609395329001624,-1.661701858723971
D119,0.5485714285714286,0.21714285714285714,0.24428571428571427,0.14857142857142858,2.2814285714285716,12.342142857142857,42.707142857142856,3.6285714285714286,160.50714285714284,0.0,1451.5714285714287,25.564285714285713,5.028571428571429,0.28509285714285715,1,-2.065329200060646,1.584857348366372
D120,0.4565384615384615,0.23692307692307693,0.11730769230769232,0.08884615384615385,1.628076923076923,11.985000000000001,40.81153846153846,3.5461538461538464,155.20384615384617,0.0,1488.6153846153845,26.46923076923077,4.711538461538462,0.2768884615384616,1,-2.3018955822720137,1.7489260254184809
D121,0.665625,0.3425,0.2175,0.115625,2.47875,12.09,39.19375,3.7625,165.90625,0.11875,1511.1875,27.5625,5.11875,0.27926875,1,-2.2086724260881807,1.4612823217319002
D122,1.9342307692307692,1.3473076923076923,1.2423076923076921,0.6607692307692308,10.000384615384615,21.24423076923077,119.4923076923077,3.273076923076923,116.64615384615385,46.43076923076923,2247.423076923077,52.25,4.7,0.49074999999999996,0,3.9429637406618765,1.4667416190827787
D123,1.2952941176470587,0.9270588235294117,0.546470588235294,0.4511764705882353,5.555294117647058,15.66235294117647,65.61764705882354,3.4941176470588236,151.51176470588234,0.0,1332.235294117647,22.205882352941178,4.129411764705883,0.3617705882352941,1,-0.2865305264856166,0.24911461290659226
D124,3.977307692307692,3.233076923076923,2.7746153846153847,0.8323076923076923,14.573076923076922,18.111153846153847,54.66923076923077,3.2423076923076923,142.84615384615384,0.0,1286.5384615384614,22.79615384615385,3.819230769230769,0.4183576923076923,0,3.303548457231216,-2.431990999117176
D125,0.3007692307692308,0.22384615384615386,0.1469230769230769,0.07615384615384616,1.5634615384615385,13.38423076923077,47.20769230769231,3.3499999999999996,123.99615384615385,0.0,2283.653846153846,50.83076923076923,4.9653846153846155,0.30920769230769235,1,-0.8203237616508053,3.5298270937788536
D126,1.163846153846154,1.0346153846153845,0.4857692307692308,0.2692307692307692,5.167692307692308,15.309615384615386,64.69615384615385,3.7115384615384617,157.7076923076923,0.08846153846153845,1509.576923076923,28.496153846153845,4.561538461538461,0.35364230769230764,1,-0.559129654971959,0.6460595140566688
D127,1.24,0.9823076923076923,0.5623076923076924,0.33807692307692305,5.475,12.876538461538463,48.93846153846154,3.8230769230769233,222.4923076923077,52.43846153846154,848.3076923076923,13.892307692307693,3.3115384615384613,0.29746153846153844,2,-2.6077932782815405,-1.7789172314043313
D128,4.086923076923077,3.351923076923077,3.105,0.803076923076923,14.785384615384617,15.525769230769232,36.85,4.019230769230769,235.53846153846155,0.07307692307692307,884.8076923076923,14.48076923076923,3.45,0.3586346153846154,2,0.9505832945354903,-5.035733104528589
D129,0.4773076923076923,0.2723076923076923,0.08499999999999999,0.11923076923076924,2.1096153846153847,13.871538461538462,47.146153846153844,3.3076923076923075,117.5576923076923,0.0,2389.8076923076924,52.361538461538466,5.015384615384615,0.32041923076923073,1,-0.42715140659203743,3.652388642167038
D130,1.1853846153846155,0.9646153846153847,0.4942307692307692,0.33884615384615385,5.128461538461538,15.417307692307693,65.76538461538462,3.75,160.12307692307692,0.0,1515.8076923076924,26.826923076923077,4.773076923076923,0.35615384615384615,1,-0.4613403675319239,0.6103454398267588
D131,1.415769230769231,0.8484615384615384,0.6853846153846154,0.27576923076923077,5.208461538461538,12.828846153846154,46.56923076923077,3.873076923076923,225.63846153846154,0.10384615384615385,817.6153846153846,12.973076923076924,3.4538461538461536,0.29635384615384613,2,-2.67469889818926,-1.6735466823271532
D132,1.544230769230769,0.926923076923077,0.6942307692307692,0.2753846153846154,5.760769230769231,12.981153846153846,48.44230769230769,3.8653846153846154,224.2076923076923,54.98846153846154,902.4230769230769,14.415384615384616,3.973076923076923,0.29985,2,-2.329756632001536,-1.4838206315825535
D133,1.125,0.8703846153846153,0.5046153846153847,0.315,4.797307692307692,17.66,79.31923076923077,3.3884615384615384,124.61538461538461,0.0,2264.230769230769,51.27307692307692,4.542307692307692,0.40795384615384617,1,1.2580993927677258,2.3810020424285856
D134,0.5111538461538461,0.25,0.23769230769230767,0.09153846153846154,2.017692307692308,10.120000000000001,27.73076923076923,3.9846153846153842,230.71153846153845,57.184615384615384,869.3846153846154,13.588461538461539,3.5730769230769233,0.23376153846153847,2,-4.542785640171395,-1.0284535435952202
D135,1.2584615384615385,0.86,0.5057692307692307,0.2538461538461539,4.711153846153846,17.14,74.21923076923078,3.423076923076923,127.04615384615384,0.0,2210.5384615384614,46.965384615384615,4.7,0.3959076923076923,1,0.9658037226562256,2.2987259968125437
D136,1.415769230769231,1.0273076923076923,0.8423076923076922,0.23692307692307693,5.864230769230769,17.34653846153846,80.32307692307693,3.4269230769230767,128.30384615384617,0.0,2323.3076923076924,54.17307692307692,5.300000000000001,0.4007038461538462,1,1.6706177402923168,2.642512100493779
D137,2.67,1.5969230769230771,2.1276923076923078,0.6707692307692308,12.201538461538462,14.80423076923077,72.13076923076923,3.9153846153846152,228.7653846153846,0.11923076923076924,861.9615384615385,11.884615384615385,3.7807692307692307,0.3419846153846154,2,-0.06532517171266247,-3.2597036482553188
D138,4.556818181818182,3.2154545454545453,3.297272727272727,0.9513636363636363,16.065,17.770454545454545,55.81818181818182,3.55,153.05454545454543,100.0,1393.3636363636363,23.595454545454547,4.759090909090909,0.41048181818181817,0,3.6830771397839666,-3.024242734334986
D139,0.38423076923076926,0.3915384615384615,0.12115384615384615,0.08499999999999999,2.0484615384615386,12.043076923076923,39.70769230769231,3.523076923076923,151.5423076923077,56.48076923076923,1474.6538461538462,29.50769230769231,4.4,0.2782192307692308,1,-2.3327231056187907,1.5056512030703022
D140,1.558076923076923,0.8596153846153847,0.7534615384615384,0.25884615384615384,5.282692307692307,12.843461538461538,43.50769230769231,3.957692307692308,231.8653846153846,100.0,802.2692307692307,12.892307692307693,3.6153846153846154,0.2966884615384615,2,-2.823729347302914,-2.0464741126994794
D141,1.6515384615384614,0.6853846153846154,0.6896153846153846,0.2876923076923077,5.211923076923076,15.526923076923076,68.84615384615384,3.7961538461538464,163.31923076923078,0.0,1518.576923076923,29.41923076923077,4.65,0.3586538461538461,1,-0.4203665388955171,0.4706803411419999
D142,1.5015384615384615,0.9561538461538461,0.7619230769230769,0.2580769230769231,5.727307692307692,15.795384615384616,68.63846153846154,3.5653846153846156,150.16538461538462,42.98461538461538,1464.1153846153845,26.746153846153845,4.484615384615385,0.36488076923076923,1,-0.1570145654772336,0.5227985921232503
D143,1.3992307692307693,1.0376923076923077,0.8084615384615385,0.35500000000000004,5.8476923076923075,12.907307692307693,46.54615384615385,3.957692307692308,228.39999999999998,100.0,842.7692307692307,13.096153846153847,3.6692307692307695,0.29815769230769235,2,-2.555305186029234,-2.103669317706151
D144,0.43153846153846154,0.2569230769230769,0.1396153846153846,0.09461538461538462,1.893076923076923,10.446923076923078,28.98846153846154,3.730769230769231,215.53846153846155,99.68076923076923,924.8846153846154,16.96923076923077,3.6923076923076925,0.24130384615384617,2,-4.094466823169044,-0.4431801890583394
D145,1.448846153846154,1.0676923076923077,0.7338461538461538,0.2907692307692308,5.7288461538461535,17.232307692307693,74.18846153846154,3.5615384615384613,127.81923076923077,49.01923076923077,2340.4615384615386,56.315384615384616,4.769230769230769,0.3980692307692308,1,1.289354038202601,2.064669250301755
D146,4.041923076923077,3.393076923076923,2.9119230769230766,0.7926923076923077,14.59423076923077,17.709615384615383,53.69230769230769,3.5615384615384613,153.68846153846155,0.0,1479.076923076923,26.142307692307693,4.496153846153846,0.40907692307692306,0,3.241819290267346,-2.4069339377682164
D147,1.8965384615384617,1.4607692307692306,1.4761538461538461,0.588076923076923,10.355,14.706153846153846,73.93076923076923,3.8923076923076922,229.56923076923078,0.0,826.0,13.746153846153845,3.3846153846153846,0.33971153846153845,2,-0.8138960632727186,-2.8277067848825945
D148,4.158461538461538,2.8753846153846156,3.0100000000000002,0.7557692307692307,14.204230769230769,19.13076923076923,57.04615384615385,3.3653846153846154,126.0,0.0,2217.730769230769,51.01538461538462,4.780769230769231,0.4419461538461539,0,4.583253597236992,-0.5792028740398011
D149,4.203846153846154,3.5,2.968461538461539,0.8461538461538461,14.963846153846154,18.06230769230769,57.82692307692308,3.526923076923077,151.97307692307692,100.0,1468.3461538461538,27.673076923076923,4.788461538461538,0.41726153846153846,0,3.6006991889416744,-2.5429147800138243
D150,1.8865384615384617,1.0623076923076924,1.3661538461538463,0.6257692307692307,9.401538461538461,18.281153846153845,104.3076923076923,3.734615384615385,161.60000000000002,100.0,1487.4615384615386,26.549999999999997,4.453846153846154,0.422273076923077,0,1.436598736572142,-0.7479561225714542
