incident_id,driver_id,trip_id,date,type,severity,fault,claim_amount,days_lost
INC000,D006,T006429,2024-06-11,near_miss,minor,driver,0,0
INC001,D007,T007235,2024-04-20,collision,minor,other,4853,0
INC002,D010,T010159,2024-03-10,property_damage,minor,other,338,0
INC003,D012,T012035,2024-02-15,near_miss,moderate,driver,0,0
INC004,D021,T021347,2024-01-31,near_miss,moderate,unknown,0,0
INC005,D021,T022152,2024-06-11,collision,moderate,unknown,3927,0
INC006,D024,T024003,2024-02-26,collision,minor,driver,2182,0
INC007,D024,T024062,2024-03-09,injury,severe,other,0,1
INC008,D025,T024915,2024-04-26,injury,moderate,other,0,3
INC009,D029,T029538,2024-06-06,near_miss,severe,unknown,0,0
INC010,D029,T028896,2024-02-18,near_miss,severe,other,0,0
INC011,D030,T029969,2024-02-04,injury,minor,driver,0,8
INC012,D031,T031294,2024-03-14,collision,minor,unknown,19172,0
INC013,D031,T031144,2024-02-17,near_miss,minor,other,0,0
INC014,D034,T033588,2024-01-10,near_miss,minor,driver,0,0
INC015,D036,T035875,2024-02-09,property_damage,minor,other,188,0
INC016,D037,T037197,2024-04-02,near_miss,minor,unknown,0,0
INC017,D039,T039698,2024-06-10,property_damage,minor,driver,8154,0
INC018,D039,T039296,2024-03-25,property_damage,minor,unknown,1098,0
INC019,D040,T040707,2024-06-21,injury,severe,driver,0,1
INC020,D040,T040057,2024-02-14,property_damage,minor,unknown,1316,0
INC021,D044,T044471,2024-02-12,property_damage,minor,driver,287,0
INC022,D044,T044518,2024-02-21,near_miss,minor,driver,0,0
INC023,D044,T044478,2024-02-13,property_damage,minor,driver,437,0
INC024,D044,T044594,2024-03-05,near_miss,minor,other,0,0
INC025,D044,T044345,2024-01-22,injury,minor,driver,0,15
INC026,D046,T045636,2024-01-06,injury,minor,driver,0,1
INC027,D048,T047747,2024-02-16,collision,moderate,driver,3280,0
INC028,D048,T047794,2024-02-25,near_miss,minor,driver,0,0
INC029,D048,T047821,2024-02-29,property_damage,minor,driver,223,0
INC030,D050,T050433,2024-05-01,near_miss,moderate,driver,0,0
INC031,D050,T050510,2024-05-15,collision,moderate,driver,4154,0
INC032,D055,T055894,2024-05-19,injury,moderate,driver,0,4
INC033,D055,T055150,2024-01-29,collision,minor,unknown,1275,0
INC034,D060,T060943,2024-03-16,property_damage,minor,driver,316,0
INC035,D067,T067574,2024-01-31,property_damage,severe,driver,579,0
INC036,D067,T067859,2024-03-19,collision,minor,driver,2901,0
INC037,D077,T077701,2024-04-05,near_miss,minor,driver,0,0
INC038,D079,T079080,2024-02-20,near_miss,severe,driver,0,0
INC039,D080,T079526,2024-01-06,collision,minor,other,2517,0
INC040,D083,T083649,2024-06-20,property_damage,minor,other,621,0
INC041,D083,T083557,2024-06-02,near_miss,minor,other,0,0
INC042,D084,T084135,2024-03-09,property_damage,severe,driver,422,0
INC043,D084,T084237,2024-03-22,injury,minor,other,0,2
INC044,D085,T085197,2024-03-04,property_damage,minor,driver,451,0
INC045,D086,T086668,2024-05-14,near_miss,moderate,other,0,0
INC046,D088,T088970,2024-06-27,collision,minor,driver,4026,0
INC047,D089,T089658,2024-04-23,collision,minor,driver,1424,0
INC048,D089,T089019,2024-01-03,near_miss,moderate,driver,0,0
INC049,D089,T089548,2024-03-30,near_miss,moderate,other,0,0
INC050,D090,T090765,2024-06-29,injury,minor,unknown,0,2
INC051,D093,T092580,2024-02-19,near_miss,minor,unknown,0,0
INC052,D102,T101684,2024-03-23,near_miss,moderate,other,0,0
INC053,D102,T102020,2024-05-19,property_damage,severe,driver,781,0
INC054,D104,T103847,2024-03-23,near_miss,minor,driver,0,0
INC055,D104,T104391,2024-06-16,property_damage,moderate,other,712,0
INC056,D111,T110526,2024-03-16,collision,moderate,other,10140,0
INC057,D115,T115053,2024-04-02,property_damage,moderate,other,211,0
INC058,D117,T116596,2024-01-13,property_damage,moderate,unknown,1047,0
INC059,D118,T117666,2024-01-01,property_damage,minor,driver,457,0
INC060,D120,T119626,2024-03-28,near_miss,minor,driver,0,0
INC061,D121,T121182,2024-06-06,near_miss,moderate,unknown,0,0
INC062,D122,T121655,2024-02-21,collision,minor,driver,1041,0
INC063,D122,T121567,2024-02-08,property_damage,minor,driver,815,0
INC064,D122,T122451,2024-06-26,property_damage,minor,other,3029,0
INC065,D123,T122656,2024-01-26,near_miss,minor,unknown,0,0
INC066,D124,T123967,2024-02-27,property_damage,moderate,other,806,0
INC067,D124,T123996,2024-03-03,near_miss,minor,driver,0,0
INC068,D126,T125821,2024-04-05,collision,minor,unknown,13848,0
INC069,D126,T125387,2024-01-25,injury,minor,other,0,2
INC070,D126,T125883,2024-04-18,near_miss,minor,other,0,0
INC071,D129,T128081,2024-01-24,collision,severe,driver,1747,0
INC072,D129,T128488,2024-04-09,near_miss,moderate,other,0,0
INC073,D129,T128092,2024-01-25,near_miss,minor,other,0,0
INC074,D129,T128966,2024-06-25,collision,minor,driver,2749,0
INC075,D133,T132607,2024-03-04,near_miss,moderate,unknown,0,0
INC076,D135,T135494,2024-06-22,near_miss,minor,other,0,0
INC077,D140,T140628,2024-05-26,near_miss,minor,unknown,0,0
INC078,D141,T141787,2024-06-18,near_miss,severe,driver,0,0
INC079,D142,T142771,2024-06-12,property_damage,moderate,unknown,496,0
INC080,D144,T144467,2024-04-09,property_damage,minor,driver,1022,0
INC081,D144,T144082,2024-01-27,injury,minor,unknown,0,4
INC082,D145,T145557,2024-05-08,near_miss,minor,other,0,0
INC083,D149,T150213,2024-06-04,property_damage,minor,unknown,536,0
INC084,D149,T150082,2024-05-18,collision,minor,driver,5180,0
INC085,D150,T150643,2024-02-06,property_damage,minor,unknown,664,0
INC086,D151,T151519,2024-01-21,property_damage,minor,other,2100,0
INC087,D151,T151502,2024-01-18,collision,moderate,other,1215,0
INC088,D152,T153078,2024-04-27,injury,minor,driver,0,2
INC089,D152,T152482,2024-01-23,collision,moderate,driver,952,0
INC090,D156,T155546,2024-03-05,property_damage,minor,driver,770,0
INC091,D163,T163505,2024-06-30,property_damage,minor,other,729,0
INC092,D163,T162906,2024-03-26,property_damage,minor,driver,394,0
INC093,D163,T163066,2024-04-20,property_damage,moderate,unknown,202,0
INC094,D164,T164273,2024-05-08,injury,moderate,driver,0,3
INC095,D164,T164040,2024-03-28,near_miss,moderate,driver,0,0
INC096,D165,T165095,2024-03-18,property_damage,moderate,driver,904,0
INC097,D165,T165597,2024-06-14,near_miss,minor,driver,0,0
INC098,D165,T164967,2024-02-23,near_miss,severe,driver,0,0
INC099,D165,T165638,2024-06-21,property_damage,severe,other,296,0
INC100,D167,T167179,2024-03-17,near_miss,minor,other,0,0
INC101,D171,T171023,2024-01-02,injury,moderate,other,0,2
INC102,D172,T172407,2024-02-29,collision,moderate,other,412,0
INC103,D176,T176455,2024-01-16,near_miss,minor,driver,0,0
INC104,D178,T178845,2024-03-13,collision,severe,other,2479,0
INC105,D179,T180014,2024-03-28,collision,moderate,driver,9479,0
INC106,D179,T179701,2024-02-13,collision,minor,unknown,3538,0
INC107,D180,T181640,2024-06-29,collision,minor,other,1147,0
INC108,D185,T186114,2024-06-18,near_miss,moderate,driver,0,0
INC109,D191,T191923,2024-02-06,injury,minor,driver,0,12
INC110,D193,T194886,2024-05-29,near_miss,moderate,driver,0,0
INC111,D193,T194375,2024-03-05,property_damage,severe,driver,3176,0
INC112,D194,T195196,2024-01-19,collision,severe,unknown,1697,0
INC113,D200,T201819,2024-01-16,near_miss,minor,other,0,0
INC114,D200,T202045,2024-03-05,collision,minor,driver,14925,0
INC115,D202,T203961,2024-01-06,near_miss,minor,driver,0,0
INC116,D204,T206475,2024-03-10,property_damage,minor,driver,435,0
INC117,D204,T206963,2024-05-28,near_miss,minor,driver,0,0
INC118,D208,T210754,2024-02-29,property_damage,minor,other,1466,0
INC119,D210,T213012,2024-06-27,near_miss,minor,driver,0,0
INC120,D211,T213263,2024-02-07,injury,moderate,driver,0,1
INC121,D211,T214058,2024-06-16,collision,minor,other,1389,0
INC122,D212,T214920,2024-04-29,near_miss,minor,driver,0,0
INC123,D212,T214778,2024-04-11,injury,minor,driver,0,1
INC124,D213,T215497,2024-02-10,property_damage,moderate,unknown,1348,0
INC125,D220,T223292,2024-02-29,property_damage,minor,other,478,0
INC126,D223,T227055,2024-05-15,property_damage,minor,unknown,679,0
INC127,D225,T229390,2024-06-21,near_miss,minor,other,0,0
INC128,D225,T228535,2024-01-23,collision,minor,other,2673,0
INC129,D231,T235487,2024-05-30,injury,severe,unknown,0,8
INC130,D231,T235336,2024-05-07,property_damage,moderate,unknown,149,0
INC131,D232,T236320,2024-04-19,property_damage,severe,unknown,651,0
INC132,D233,T236814,2024-01-01,near_miss,minor,other,0,0
INC133,D233,T237092,2024-02-19,near_miss,severe,driver,0,0
INC134,D233,T237790,2024-06-21,near_miss,minor,driver,0,0
INC135,D233,T237778,2024-06-20,near_miss,moderate,other,0,0
INC136,D237,T241844,2024-06-13,near_miss,moderate,driver,0,0
INC137,D237,T241668,2024-05-13,injury,moderate,driver,0,5
INC138,D237,T240846,2024-01-05,near_miss,minor,driver,0,0
INC139,D240,T244978,2024-05-20,near_miss,minor,driver,0,0
INC140,D240,T244637,2024-03-20,collision,minor,unknown,5990,0
INC141,D240,T244660,2024-03-25,near_miss,moderate,other,0,0
INC142,D249,T253421,2024-03-01,property_damage,minor,driver,349,0
INC143,D249,T253325,2024-02-18,injury,minor,unknown,0,11
INC144,D249,T253665,2024-04-14,injury,minor,other,0,9
INC145,D251,T255210,2024-01-25,near_miss,minor,other,0,0
INC146,D253,T258008,2024-06-27,near_miss,moderate,driver,0,0
INC147,D255,T259325,2024-02-04,property_damage,minor,other,334,0
INC148,D256,T259725,2024-02-05,property_damage,minor,driver,1178,0
INC149,D256,T259568,2024-01-10,property_damage,minor,other,466,0
INC150,D257,T261402,2024-05-27,property_damage,severe,driver,576,0
INC151,D261,T265637,2024-06-14,property_damage,minor,other,1697,0
INC152,D261,T265657,2024-06-18,near_miss,moderate,driver,0,0
INC153,D264,T268664,2024-05-06,near_miss,minor,driver,0,0
INC154,D265,T269452,2024-04-28,collision,minor,driver,3330,0
INC155,D265,T269260,2024-03-28,near_miss,moderate,driver,0,0
INC156,D272,T276411,2024-06-01,near_miss,severe,driver,0,0
INC157,D272,T276349,2024-05-21,near_miss,moderate,driver,0,0
INC158,D273,T277069,2024-03-21,collision,minor,driver,4820,0
INC159,D274,T277989,2024-02-18,property_damage,moderate,unknown,708,0
INC160,D275,T278783,2024-01-09,collision,minor,driver,5091,0
INC161,D278,T282372,2024-02-05,collision,minor,driver,3906,0
INC162,D282,T286576,2024-03-25,near_miss,moderate,other,0,0
INC163,D283,T287895,2024-05-12,near_miss,moderate,driver,0,0
INC164,D283,T287775,2024-04-20,near_miss,minor,driver,0,0
INC165,D283,T288138,2024-06-22,near_miss,severe,driver,0,0
INC166,D287,T291443,2024-01-06,near_miss,minor,driver,0,0
INC167,D288,T292796,2024-02-15,injury,minor,other,0,7
INC168,D288,T293579,2024-06-29,near_miss,minor,unknown,0,0
INC169,D291,T295973,2024-03-21,near_miss,moderate,driver,0,0
INC170,D291,T295478,2024-01-04,near_miss,moderate,unknown,0,0
INC171,D291,T296527,2024-06-23,near_miss,moderate,unknown,0,0
INC172,D292,T296660,2024-01-14,injury,severe,driver,0,6
INC173,D292,T297112,2024-03-30,collision,minor,driver,961,0
INC174,D294,T298674,2024-01-02,collision,minor,driver,7165,0
INC175,D295,T299324,2024-02-14,property_damage,minor,other,357,0
INC176,D297,T302049,2024-05-07,property_damage,minor,driver,461,0
INC177,D299,T304175,2024-04-30,near_miss,minor,driver,0,0
INC178,D306,T310802,2024-02-21,collision,severe,other,595,0
INC179,D307,T312516,2024-05-26,near_miss,minor,driver,0,0
INC180,D317,T323075,2024-03-15,property_damage,minor,driver,598,0
INC181,D317,T323409,2024-05-07,property_damage,moderate,driver,508,0
INC182,D317,T323403,2024-05-06,near_miss,minor,driver,0,0
INC183,D318,T324095,2024-02-27,near_miss,minor,driver,0,0
INC184,D318,T323769,2024-01-12,property_damage,moderate,other,1720,0
INC185,D321,T326707,2024-02-19,property_damage,moderate,driver,322,0
INC186,D322,T327874,2024-03-08,property_damage,moderate,other,561,0
INC187,D322,T328116,2024-04-13,injury,moderate,unknown,0,8
INC188,D329,T335673,2024-05-17,injury,moderate,other,0,1
INC189,D329,T335383,2024-04-02,collision,minor,driver,1839,0
INC190,D332,T338303,2024-02-04,near_miss,severe,driver,0,0
INC191,D332,T339080,2024-06-26,collision,minor,other,6450,0
INC192,D332,T338681,2024-04-13,injury,minor,driver,0,3
INC193,D332,T338190,2024-01-16,injury,moderate,other,0,1
INC194,D332,T338985,2024-06-12,collision,minor,driver,16636,0
INC195,D333,T339527,2024-03-08,injury,minor,other,0,9
INC196,D335,T341292,2024-01-19,property_damage,minor,driver,371,0
INC197,D337,T343823,2024-03-13,injury,minor,unknown,0,4
INC198,D338,T344514,2024-01-10,property_damage,moderate,driver,176,0
INC199,D339,T345757,2024-04-06,property_damage,moderate,driver,309,0
INC200,D339,T345266,2024-01-21,property_damage,minor,unknown,332,0
INC201,D341,T348226,2024-05-09,collision,moderate,driver,2259,0
INC202,D346,T352623,2024-03-23,collision,moderate,driver,3709,0
INC203,D348,T355270,2024-06-22,collision,minor,unknown,1243,0
INC204,D350,T356624,2024-02-24,near_miss,minor,driver,0,0
INC205,D352,T358961,2024-05-26,near_miss,moderate,driver,0,0
INC206,D353,T359640,2024-03-20,near_miss,minor,unknown,0,0
INC207,D353,T359672,2024-03-29,property_damage,minor,other,547,0
INC208,D355,T361824,2024-03-14,property_damage,minor,other,2038,0
INC209,D356,T363013,2024-04-09,near_miss,moderate,driver,0,0
INC210,D357,T363966,2024-03-08,near_miss,minor,other,0,0
INC211,D359,T366458,2024-04-24,near_miss,minor,other,0,0
INC212,D359,T366508,2024-05-03,collision,moderate,other,2209,0
INC213,D360,T367025,2024-02-09,injury,moderate,driver,0,9
INC214,D362,T369767,2024-05-06,property_damage,moderate,driver,2649,0
INC215,D363,T370159,2024-01-18,near_miss,minor,driver,0,0
INC216,D365,T372256,2024-01-21,property_damage,minor,unknown,862,0
INC217,D365,T372202,2024-01-12,near_miss,minor,other,0,0
INC218,D365,T372933,2024-04-27,near_miss,minor,other,0,0
INC219,D367,T374721,2024-02-07,near_miss,moderate,driver,0,0
INC220,D367,T375505,2024-06-20,injury,moderate,driver,0,8
INC221,D369,T376771,2024-02-29,property_damage,minor,driver,723,0
INC222,D370,T376927,2024-01-10,injury,severe,unknown,0,8
INC223,D372,T380014,2024-06-13,collision,severe,other,3811,0
INC224,D372,T379527,2024-03-21,property_damage,minor,other,1982,0
INC225,D374,T381376,2024-02-15,collision,minor,unknown,3332,0
INC226,D378,T385226,2024-02-24,injury,minor,unknown,0,11
INC227,D378,T385067,2024-01-30,injury,minor,unknown,0,3
INC228,D380,T387310,2024-02-04,near_miss,moderate,driver,0,0
INC229,D381,T388752,2024-03-26,near_miss,minor,driver,0,0
INC230,D383,T391178,2024-05-13,near_miss,minor,driver,0,0
INC231,D384,T391843,2024-04-18,injury,minor,driver,0,7
INC232,D390,T397496,2024-01-24,property_damage,minor,driver,145,0
INC233,D392,T399731,2024-02-21,near_miss,moderate,driver,0,0
INC234,D397,T404489,2024-02-10,near_miss,moderate,other,0,0
INC235,D401,T407920,2024-02-10,near_miss,minor,other,0,0
INC236,D401,T408808,2024-06-24,near_miss,moderate,other,0,0
INC237,D402,T409300,2024-03-28,collision,severe,other,3534,0
INC238,D406,T413717,2024-06-07,collision,severe,other,2015,0
INC239,D409,T416020,2024-02-26,near_miss,minor,other,0,0
INC240,D410,T417094,2024-02-05,near_miss,minor,driver,0,0
INC241,D411,T418621,2024-05-04,near_miss,moderate,driver,0,0
INC242,D412,T419934,2024-06-29,near_miss,minor,driver,0,0
INC243,D412,T419908,2024-06-26,property_damage,minor,driver,4736,0
INC244,D418,T425297,2024-01-24,near_miss,moderate,other,0,0
INC245,D421,T428798,2024-04-09,property_damage,moderate,other,496,0
INC246,D422,T430204,2024-06-07,near_miss,moderate,driver,0,0
INC247,D423,T430784,2024-03-16,collision,severe,unknown,7273,0
INC248,D429,T436424,2024-01-15,property_damage,moderate,driver,547,0
INC249,D429,T437346,2024-06-25,collision,moderate,unknown,2271,0
INC250,D429,T436723,2024-02-29,near_miss,moderate,driver,0,0
INC251,D431,T438504,2024-01-12,near_miss,minor,driver,0,0
INC252,D435,T442202,2024-01-03,near_miss,minor,driver,0,0
INC253,D435,T442838,2024-04-24,near_miss,minor,driver,0,0
INC254,D435,T442851,2024-04-27,near_miss,moderate,other,0,0
INC255,D436,T443649,2024-03-04,property_damage,severe,driver,427,0
INC256,D440,T447733,2024-04-01,injury,minor,driver,0,14
INC257,D440,T447705,2024-03-28,collision,minor,other,4676,0
INC258,D440,T448054,2024-05-23,near_miss,minor,driver,0,0
INC259,D441,T449117,2024-05-28,property_damage,moderate,driver,1102,0
INC260,D441,T448318,2024-01-09,property_damage,minor,driver,173,0
INC261,D441,T449046,2024-05-21,property_damage,minor,driver,244,0
INC262,D442,T449908,2024-04-15,collision,minor,driver,2278,0
INC263,D443,T450815,2024-03-21,near_miss,moderate,driver,0,0
INC264,D443,T450582,2024-02-10,property_damage,severe,driver,370,0
INC265,D445,T451825,2024-02-23,near_miss,moderate,driver,0,0
INC266,D451,T457968,2024-01-01,collision,moderate,driver,2552,0
INC267,D451,T458468,2024-03-15,property_damage,minor,other,326,0
INC268,D454,T461254,2024-05-01,near_miss,minor,driver,0,0
INC269,D456,T462672,2024-01-28,property_damage,minor,unknown,922,0
INC270,D460,T466408,2024-04-23,near_miss,minor,driver,0,0
INC271,D462,T468570,2024-05-16,injury,moderate,other,0,5
INC272,D464,T470106,2024-02-07,near_miss,minor,unknown,0,0
INC273,D464,T469992,2024-01-17,injury,minor,unknown,0,5
INC274,D464,T470167,2024-02-16,property_damage,severe,driver,911,0
INC275,D466,T472400,2024-06-24,near_miss,moderate,unknown,0,0
INC276,D470,T475783,2024-02-13,property_damage,moderate,other,2593,0
INC277,D471,T476870,2024-03-19,collision,minor,unknown,2199,0
INC278,D471,T476951,2024-04-06,collision,moderate,driver,1479,0
INC279,D471,T477295,2024-05-31,collision,minor,driver,1416,0
INC280,D472,T477935,2024-03-09,near_miss,moderate,other,0,0
INC281,D475,T481635,2024-05-16,property_damage,moderate,other,1091,0
INC282,D476,T482574,2024-04-19,injury,moderate,unknown,0,4
INC283,D477,T483557,2024-03-27,collision,minor,other,9901,0
INC284,D477,T483807,2024-05-09,property_damage,moderate,driver,1172,0
INC285,D481,T488008,2024-04-08,property_damage,minor,other,292,0
INC286,D481,T488341,2024-06-10,collision,moderate,other,7686,0
INC287,D481,T487609,2024-02-01,near_miss,minor,driver,0,0
INC288,D486,T492572,2024-03-20,near_miss,minor,unknown,0,0
INC289,D488,T494945,2024-04-28,near_miss,minor,driver,0,0
INC290,D488,T495023,2024-05-17,collision,minor,driver,1760,0
INC291,D488,T494838,2024-04-09,property_damage,minor,other,554,0
INC292,D489,T495397,2024-02-07,collision,moderate,other,498,0
INC293,D491,T497403,2024-01-13,property_damage,minor,other,682,0
INC294,D492,T499151,2024-05-25,property_damage,minor,driver,344,0
INC295,D494,T501173,2024-03-16,near_miss,minor,other,0,0
INC296,D496,T503352,2024-03-15,property_damage,minor,driver,489,0
INC297,D502,T509525,2024-06-15,near_miss,minor,driver,0,0
INC298,D502,T509270,2024-05-04,near_miss,minor,other,0,0
INC299,D503,T509890,2024-02-18,near_miss,severe,driver,0,0
INC300,D504,T510751,2024-01-29,injury,minor,unknown,0,3
INC301,D504,T511134,2024-03-26,near_miss,minor,other,0,0
INC302,D504,T511716,2024-06-24,collision,minor,unknown,4854,0
INC303,D505,T512586,2024-05-19,property_damage,minor,unknown,261,0
INC304,D506,T513719,2024-06-02,injury,minor,driver,0,1
INC305,D509,T516861,2024-05-24,collision,minor,driver,3938,0
INC306,D509,T516189,2024-01-30,property_damage,minor,driver,762,0
INC307,D509,T516584,2024-04-06,near_miss,moderate,unknown,0,0
INC308,D510,T517548,2024-03-25,property_damage,minor,unknown,939,0
INC309,D510,T517683,2024-04-27,property_damage,minor,other,583,0
INC310,D513,T521311,2024-05-31,near_miss,moderate,driver,0,0
INC311,D514,T521702,2024-02-09,near_miss,moderate,driver,0,0
INC312,D514,T521964,2024-03-21,property_damage,moderate,other,103,0
INC313,D515,T522963,2024-03-16,injury,moderate,other,0,16
INC314,D515,T522705,2024-01-27,property_damage,minor,other,795,0
INC315,D518,T525820,2024-01-04,near_miss,severe,other,0,0
INC316,D520,T528228,2024-04-26,near_miss,minor,other,0,0
INC317,D521,T529366,2024-04-29,collision,minor,driver,749,0
INC318,D528,T535105,2024-01-14,property_damage,minor,other,408,0
INC319,D528,T535782,2024-05-01,near_miss,severe,driver,0,0
INC320,D529,T536914,2024-04-27,near_miss,moderate,other,0,0
INC321,D529,T537355,2024-06-30,property_damage,minor,unknown,1298,0
INC322,D529,T537063,2024-05-17,collision,moderate,unknown,8573,0
INC323,D531,T538985,2024-04-11,near_miss,minor,driver,0,0
INC324,D533,T540794,2024-01-20,near_miss,minor,driver,0,0
INC325,D533,T541223,2024-04-01,property_damage,minor,other,795,0
INC326,D538,T545992,2024-01-17,near_miss,moderate,driver,0,0
INC327,D538,T546364,2024-03-14,near_miss,moderate,driver,0,0
INC328,D540,T547774,2024-05-06,property_damage,minor,unknown,860,0
INC329,D542,T550021,2024-06-03,collision,minor,driver,3175,0
INC330,D546,T552990,2024-01-09,near_miss,minor,other,0,0
INC331,D546,T553031,2024-01-13,property_damage,minor,unknown,538,0
INC332,D548,T555377,2024-03-13,near_miss,minor,driver,0,0
INC333,D548,T555043,2024-01-21,near_miss,minor,other,0,0
INC334,D549,T556212,2024-01-30,property_damage,minor,other,144,0
INC335,D551,T558354,2024-04-10,property_damage,minor,other,1028,0
INC336,D552,T559229,2024-05-02,near_miss,minor,driver,0,0
INC337,D553,T560187,2024-04-14,property_damage,minor,driver,1563,0
INC338,D557,T563648,2024-03-10,near_miss,minor,other,0,0
INC339,D557,T563572,2024-02-27,injury,minor,other,0,5
INC340,D558,T564310,2024-03-19,near_miss,minor,other,0,0
INC341,D561,T567659,2024-04-11,near_miss,moderate,driver,0,0
INC342,D567,T572967,2024-03-22,near_miss,moderate,driver,0,0
INC343,D569,T574736,2024-02-09,near_miss,severe,driver,0,0
INC344,D576,T581305,2024-03-23,collision,minor,unknown,2031,0
INC345,D577,T582698,2024-05-07,property_damage,minor,unknown,69,0
INC346,D578,T583208,2024-02-13,near_miss,minor,unknown,0,0
INC347,D581,T586736,2024-03-04,property_damage,minor,unknown,362,0
INC348,D581,T587008,2024-04-24,property_damage,moderate,driver,533,0
INC349,D584,T589539,2024-02-14,near_miss,moderate,driver,0,0
INC350,D590,T596270,2024-02-26,near_miss,moderate,other,0,0
INC351,D592,T598423,2024-03-27,injury,minor,driver,0,3
INC352,D594,T601040,2024-06-02,injury,minor,other,0,1
INC353,D596,T603022,2024-04-12,near_miss,minor,unknown,0,0
INC354,D601,T608497,2024-04-09,injury,moderate,unknown,0,1
INC355,D604,T611326,2024-02-10,near_miss,minor,driver,0,0
INC356,D605,T612562,2024-04-16,near_miss,minor,other,0,0
INC357,D608,T615846,2024-06-20,injury,severe,other,0,4
INC358,D609,T616752,2024-05-27,property_damage,moderate,driver,761,0
INC359,D611,T618954,2024-06-08,near_miss,minor,driver,0,0
INC360,D611,T618649,2024-04-11,property_damage,severe,driver,789,0
INC361,D614,T621322,2024-01-26,near_miss,minor,unknown,0,0
INC362,D617,T625103,2024-04-12,near_miss,minor,other,0,0
INC363,D619,T627255,2024-04-06,near_miss,moderate,unknown,0,0
INC364,D620,T628553,2024-06-11,property_damage,severe,driver,820,0
INC365,D623,T631443,2024-05-02,property_damage,minor,other,777,0
INC366,D625,T633376,2024-03-29,injury,minor,unknown,0,1
INC367,D625,T633071,2024-02-09,near_miss,minor,unknown,0,0
INC368,D625,T633830,2024-06-10,collision,minor,other,5086,0
INC369,D625,T632977,2024-01-26,property_damage,minor,other,679,0
INC370,D625,T633843,2024-06-12,property_damage,moderate,driver,1536,0
INC371,D628,T636488,2024-02-23,injury,moderate,driver,0,5
INC372,D629,T637370,2024-01-24,property_damage,minor,driver,481,0
INC373,D630,T638366,2024-01-08,collision,minor,driver,2752,0
INC374,D630,T638715,2024-03-03,injury,moderate,unknown,0,10
INC375,D630,T638848,2024-03-28,collision,moderate,driver,5407,0
INC376,D635,T643748,2024-05-26,collision,severe,unknown,1674,0
INC377,D635,T643038,2024-02-06,near_miss,minor,other,0,0
INC378,D635,T643164,2024-02-24,collision,moderate,other,1631,0
INC379,D637,T645114,2024-01-18,collision,minor,other,1859,0
INC380,D638,T646662,2024-03-08,property_damage,minor,unknown,2738,0
INC381,D640,T648075,2024-02-24,near_miss,minor,driver,0,0
INC382,D641,T649173,2024-02-28,near_miss,minor,driver,0,0
INC383,D643,T651461,2024-04-21,collision,minor,unknown,4902,0
INC384,D645,T653146,2024-02-08,property_damage,moderate,unknown,422,0
INC385,D645,T653366,2024-03-11,near_miss,severe,driver,0,0
INC386,D646,T654167,2024-01-25,property_damage,minor,other,442,0
INC387,D650,T659426,2024-06-28,collision,minor,other,7311,0
INC388,D650,T658600,2024-01-26,near_miss,moderate,driver,0,0
INC389,D653,T661852,2024-02-13,property_damage,minor,driver,3707,0
INC390,D657,T665557,2024-02-29,near_miss,minor,other,0,0
INC391,D662,T669743,2024-02-13,injury,minor,other,0,8
INC392,D664,T672711,2024-06-04,near_miss,minor,unknown,0,0
INC393,D665,T673722,2024-05-15,injury,minor,driver,0,7
INC394,D670,T679217,2024-05-05,near_miss,minor,driver,0,0
INC395,D672,T680919,2024-01-24,collision,minor,other,5301,0
INC396,D674,T683162,2024-01-31,near_miss,moderate,driver,0,0
INC397,D674,T683303,2024-02-25,property_damage,moderate,unknown,495,0
INC398,D679,T688298,2024-01-05,near_miss,minor,driver,0,0
INC399,D684,T694749,2024-06-22,collision,minor,other,4143,0
INC400,D687,T697573,2024-04-03,near_miss,moderate,driver,0,0
INC401,D689,T699277,2024-01-06,injury,minor,driver,0,5
INC402,D692,T702550,2024-01-15,property_damage,moderate,driver,807,0
INC403,D692,T702519,2024-01-10,collision,moderate,unknown,2991,0
INC404,D696,T707315,2024-03-07,near_miss,minor,unknown,0,0
INC405,D696,T707600,2024-04-17,collision,minor,unknown,409,0
INC406,D696,T707700,2024-05-04,near_miss,moderate,driver,0,0
INC407,D698,T709493,2024-03-20,near_miss,minor,unknown,0,0
INC408,D700,T711142,2024-01-05,property_damage,minor,driver,432,0
INC409,D700,T711733,2024-04-13,near_miss,moderate,other,0,0
INC410,D701,T712847,2024-04-30,near_miss,minor,driver,0,0
INC411,D701,T712462,2024-02-26,near_miss,minor,other,0,0
INC412,D702,T713614,2024-03-12,collision,moderate,driver,15843,0
INC413,D707,T718521,2024-06-29,near_miss,minor,unknown,0,0
INC414,D707,T717786,2024-02-18,near_miss,moderate,driver,0,0
INC415,D712,T723496,2024-06-12,near_miss,moderate,driver,0,0
INC416,D715,T725913,2024-01-19,near_miss,minor,driver,0,0
INC417,D716,T726522,2024-02-17,near_miss,minor,driver,0,0
INC418,D717,T727508,2024-01-19,collision,moderate,driver,3109,0
INC419,D718,T728940,2024-04-08,property_damage,minor,other,468,0
INC420,D720,T731035,2024-03-22,near_miss,minor,driver,0,0
INC421,D722,T733437,2024-05-16,collision,minor,driver,5276,0
INC422,D727,T738670,2024-06-03,property_damage,minor,unknown,447,0
INC423,D729,T740569,2024-04-23,near_miss,minor,unknown,0,0
INC424,D731,T742310,2024-02-06,near_miss,minor,driver,0,0
INC425,D733,T743982,2024-01-08,collision,moderate,other,2276,0
INC426,D736,T747405,2024-01-31,collision,minor,other,1469,0
INC427,D739,T750758,2024-03-03,near_miss,minor,driver,0,0
INC428,D741,T753540,2024-06-01,collision,minor,driver,621,0
INC429,D745,T756571,2024-04-28,near_miss,minor,driver,0,0
INC430,D748,T758977,2024-01-21,collision,minor,other,18414,0
INC431,D751,T762431,2024-06-23,near_miss,severe,driver,0,0
INC432,D755,T766031,2024-04-20,near_miss,moderate,unknown,0,0
INC433,D755,T765997,2024-04-15,near_miss,minor,unknown,0,0
INC434,D759,T770291,2024-04-24,injury,moderate,other,0,7
INC435,D761,T772384,2024-04-07,near_miss,severe,unknown,0,0
INC436,D761,T771890,2024-01-14,injury,minor,driver,0,12
INC437,D761,T772081,2024-02-09,injury,minor,driver,0,2
INC438,D762,T773041,2024-04-14,property_damage,minor,other,100,0
INC439,D762,T772938,2024-03-29,property_damage,moderate,driver,2508,0
INC440,D763,T774525,2024-06-17,near_miss,minor,driver,0,0
INC441,D774,T786177,2024-05-26,property_damage,severe,driver,181,0
INC442,D774,T785967,2024-05-01,near_miss,minor,driver,0,0
INC443,D775,T786636,2024-02-08,injury,moderate,driver,0,4
INC444,D782,T795032,2024-06-12,near_miss,minor,driver,0,0
INC445,D787,T799344,2024-01-16,near_miss,minor,unknown,0,0
INC446,D791,T803233,2024-02-02,property_damage,minor,other,936,0
INC447,D791,T803574,2024-04-02,near_miss,moderate,driver,0,0
INC448,D791,T803078,2024-01-04,property_damage,minor,driver,1095,0
INC449,D791,T803279,2024-02-12,near_miss,moderate,other,0,0
INC450,D792,T804394,2024-02-26,property_damage,minor,other,268,0
INC451,D793,T805258,2024-02-17,collision,minor,other,3262,0
INC452,D794,T806560,2024-03-17,property_damage,moderate,unknown,2638,0
INC453,D794,T806556,2024-03-16,property_damage,moderate,driver,461,0
INC454,D806,T817804,2024-03-16,near_miss,minor,driver,0,0
INC455,D808,T820399,2024-06-15,property_damage,moderate,driver,467,0
INC456,D808,T820066,2024-04-18,collision,minor,other,22604,0
INC457,D809,T820591,2024-01-16,property_damage,moderate,other,188,0
INC458,D815,T827948,2024-06-27,near_miss,minor,driver,0,0
INC459,D817,T830037,2024-06-04,near_miss,minor,unknown,0,0
INC460,D818,T830526,2024-02-23,near_miss,minor,other,0,0
INC461,D819,T831391,2024-01-07,near_miss,moderate,unknown,0,0
INC462,D823,T835469,2024-03-23,near_miss,minor,driver,0,0
INC463,D825,T837935,2024-06-04,near_miss,moderate,driver,0,0
INC464,D825,T838035,2024-06-21,near_miss,minor,driver,0,0
INC465,D827,T839255,2024-01-13,property_damage,minor,unknown,1155,0
INC466,D827,T839381,2024-02-10,property_damage,minor,other,234,0
INC467,D829,T841523,2024-06-01,near_miss,moderate,unknown,0,0
INC468,D835,T846749,2024-01-04,near_miss,severe,driver,0,0
INC469,D838,T848884,2024-01-10,collision,minor,other,15592,0
INC470,D838,T849409,2024-04-12,property_damage,minor,driver,1456,0
INC471,D839,T850865,2024-06-14,near_miss,severe,other,0,0
INC472,D845,T856528,2024-02-18,collision,moderate,driver,5002,0
INC473,D845,T856803,2024-04-07,property_damage,minor,other,567,0
INC474,D848,T860567,2024-06-29,near_miss,minor,driver,0,0
INC475,D850,T861761,2024-02-04,near_miss,minor,other,0,0
INC476,D854,T865946,2024-01-23,injury,minor,unknown,0,3
INC477,D855,T867861,2024-05-30,collision,minor,driver,1765,0
INC478,D858,T870417,2024-05-27,property_damage,minor,driver,3035,0
INC479,D859,T871127,2024-03-24,near_miss,minor,other,0,0
INC480,D860,T872602,2024-06-16,property_damage,severe,driver,329,0
INC481,D863,T875269,2024-03-05,near_miss,minor,driver,0,0
INC482,D864,T876770,2024-05-19,injury,minor,other,0,11
INC483,D865,T877218,2024-03-03,near_miss,moderate,unknown,0,0
INC484,D865,T877832,2024-06-16,property_damage,moderate,unknown,2433,0
INC485,D868,T879999,2024-01-12,injury,moderate,driver,0,21
INC486,D876,T888630,2024-02-11,property_damage,minor,driver,707,0
INC487,D876,T889118,2024-04-30,injury,minor,unknown,0,1
INC488,D876,T888385,2024-01-02,injury,minor,driver,0,2
INC489,D877,T889562,2024-02-19,near_miss,minor,driver,0,0
INC490,D881,T892590,2024-01-29,collision,severe,driver,1920,0
INC491,D881,T892728,2024-02-21,collision,minor,unknown,4094,0
INC492,D882,T894108,2024-04-10,near_miss,minor,unknown,0,0
INC493,D883,T894928,2024-02-21,property_damage,minor,driver,502,0
INC494,D884,T896324,2024-04-30,near_miss,minor,other,0,0
INC495,D887,T899516,2024-04-18,property_damage,moderate,driver,594,0
INC496,D890,T902346,2024-03-20,collision,minor,driver,1142,0
INC497,D890,T902368,2024-03-24,property_damage,minor,unknown,328,0
INC498,D890,T902187,2024-02-20,near_miss,severe,driver,0,0
INC499,D891,T902956,2024-01-05,collision,moderate,driver,11928,0
INC500,D891,T903101,2024-02-03,near_miss,moderate,driver,0,0
INC501,D896,T907973,2024-06-26,collision,moderate,driver,1810,0
INC502,D896,T907782,2024-05-23,property_damage,moderate,unknown,1787,0
INC503,D899,T910624,2024-04-01,near_miss,minor,other,0,0
INC504,D899,T911139,2024-06-13,near_miss,minor,driver,0,0
INC505,D903,T914990,2024-03-27,property_damage,moderate,other,255,0
INC506,D903,T914892,2024-03-12,near_miss,moderate,unknown,0,0
INC507,D905,T917325,2024-06-20,collision,minor,driver,3506,0
INC508,D905,T916480,2024-02-09,property_damage,moderate,unknown,1010,0
INC509,D906,T918378,2024-06-05,near_miss,minor,unknown,0,0
INC510,D908,T920297,2024-04-11,near_miss,minor,other,0,0
INC511,D908,T919703,2024-01-02,property_damage,moderate,unknown,695,0
INC512,D914,T927068,2024-04-20,near_miss,moderate,driver,0,0
INC513,D914,T926695,2024-02-15,near_miss,moderate,driver,0,0
INC514,D918,T930958,2024-03-28,injury,moderate,unknown,0,10
INC515,D920,T932897,2024-05-02,injury,severe,other,0,5
INC516,D924,T936102,2024-02-19,near_miss,minor,driver,0,0
INC517,D929,T941912,2024-05-30,collision,minor,driver,889,0
INC518,D931,T943401,2024-02-01,collision,minor,driver,8105,0
INC519,D933,T945954,2024-04-06,near_miss,moderate,other,0,0
INC520,D933,T946228,2024-05-27,injury,minor,driver,0,10
INC521,D941,T954689,2024-06-25,property_damage,minor,driver,1501,0
INC522,D943,T956168,2024-03-23,collision,moderate,unknown,3764,0
INC523,D944,T957528,2024-04-30,collision,minor,driver,2458,0
INC524,D945,T958164,2024-02-21,property_damage,moderate,unknown,458,0
INC525,D946,T958364,2024-01-10,injury,minor,other,0,13
INC526,D947,T959551,2024-03-27,property_damage,minor,other,280,0
INC527,D949,T962138,2024-06-13,property_damage,moderate,driver,575,0
INC528,D949,T961752,2024-03-31,near_miss,severe,unknown,0,0
INC529,D950,T962313,2024-01-17,near_miss,minor,other,0,0
INC530,D952,T965486,2024-06-28,near_miss,minor,other,0,0
INC531,D952,T964469,2024-01-17,near_miss,minor,unknown,0,0
INC532,D955,T967664,2024-01-02,near_miss,severe,other,0,0
INC533,D955,T967981,2024-02-28,near_miss,minor,driver,0,0
INC534,D955,T968532,2024-06-01,near_miss,minor,other,0,0
INC535,D961,T974425,2024-03-25,near_miss,moderate,other,0,0
INC536,D962,T975838,2024-05-15,near_miss,minor,other,0,0
INC537,D962,T975897,2024-05-22,near_miss,minor,driver,0,0
INC538,D964,T977584,2024-03-04,property_damage,minor,driver,470,0
INC539,D975,T988639,2024-05-14,property_damage,minor,driver,570,0
INC540,D975,T988060,2024-01-22,injury,minor,other,0,3
INC541,D978,T991090,2024-01-10,near_miss,moderate,unknown,0,0
INC542,D981,T994372,2024-03-17,collision,moderate,other,3023,0
INC543,D981,T994687,2024-05-15,injury,minor,driver,0,3
INC544,D981,T993958,2024-01-12,injury,minor,other,0,17
INC545,D981,T994496,2024-04-05,near_miss,moderate,driver,0,0
INC546,D981,T994839,2024-06-11,injury,moderate,unknown,0,1
INC547,D982,T996068,2024-06-29,collision,minor,driver,6183,0
INC548,D982,T995039,2024-01-09,collision,moderate,driver,6546,0
INC549,D984,T998090,2024-05-29,property_damage,minor,other,73,0
INC550,D986,T1000258,2024-06-07,near_miss,minor,driver,0,0
INC551,D989,T1003147,2024-03-26,near_miss,minor,driver,0,0
INC552,D989,T1002849,2024-01-30,near_miss,minor,other,0,0
INC553,D995,T1009076,2024-06-16,collision,minor,other,1522,0
INC554,D995,T1008149,2024-01-07,near_miss,minor,driver,0,0
INC555,D996,T1009727,2024-04-10,property_damage,minor,other,1296,0
INC556,D998,T1011411,2024-05-02,near_miss,minor,other,0,0
INC557,D1001,T1014488,2024-03-28,collision,minor,other,7600,0
INC558,D1002,T1015752,2024-06-08,injury,minor,driver,0,1
INC559,D1002,T1015050,2024-02-01,property_damage,severe,driver,725,0
INC560,D1002,T1015517,2024-04-23,property_damage,moderate,unknown,697,0
INC561,D1003,T1016752,2024-06-04,collision,severe,unknown,4707,0
INC562,D1003,T1015913,2024-01-06,property_damage,minor,driver,275,0
INC563,D1003,T1015974,2024-01-18,property_damage,minor,driver,581,0
INC564,D1004,T1017348,2024-03-16,near_miss,minor,other,0,0
INC565,D1004,T1017392,2024-03-22,near_miss,minor,other,0,0
INC566,D1007,T1020660,2024-02-29,collision,minor,other,1410,0
INC567,D1008,T1022070,2024-05-03,injury,minor,driver,0,4
INC568,D1008,T1021324,2024-01-02,property_damage,moderate,driver,4037,0
INC569,D1011,T1025190,2024-05-13,near_miss,moderate,driver,0,0
INC570,D1013,T1027072,2024-04-15,injury,severe,driver,0,12
INC571,D1014,T1028410,2024-05-16,injury,minor,driver,0,5
INC572,D1014,T1027938,2024-03-03,property_damage,moderate,other,632,0
INC573,D1014,T1028499,2024-06-05,injury,severe,unknown,0,21
INC574,D1015,T1029705,2024-06-13,property_damage,severe,unknown,2088,0
INC575,D1016,T1030762,2024-05-28,near_miss,minor,other,0,0
INC576,D1016,T1030947,2024-06-24,injury,minor,other,0,8
INC577,D1018,T1032089,2024-01-04,injury,moderate,driver,0,21
INC578,D1020,T1033710,2024-01-19,property_damage,minor,driver,241,0
INC579,D1020,T1034527,2024-06-02,near_miss,moderate,other,0,0
INC580,D1020,T1034267,2024-04-22,collision,minor,other,931,0
INC581,D1022,T1036052,2024-03-03,property_damage,minor,other,147,0
INC582,D1023,T1036900,2024-02-15,injury,moderate,unknown,0,7
INC583,D1024,T1037824,2024-01-27,near_miss,minor,driver,0,0
INC584,D1024,T1037934,2024-02-15,near_miss,minor,other,0,0
INC585,D1024,T1037844,2024-01-31,injury,moderate,other,0,3
INC586,D1025,T1039199,2024-06-15,injury,moderate,other,0,10
INC587,D1025,T1039102,2024-05-28,near_miss,minor,other,0,0
INC588,D1027,T1041377,2024-06-29,injury,minor,other,0,2
INC589,D1029,T1043158,2024-04-08,property_damage,minor,unknown,462,0
INC590,D1030,T1043788,2024-01-24,near_miss,minor,unknown,0,0
INC591,D1030,T1043875,2024-02-05,near_miss,moderate,other,0,0
INC592,D1031,T1044647,2024-04-11,injury,moderate,driver,0,2
INC593,D1032,T1045840,2024-06-26,property_damage,minor,driver,948,0
INC594,D1034,T1047530,2024-04-06,injury,minor,driver,0,3
INC595,D1036,T1049173,2024-03-05,property_damage,moderate,unknown,1894,0
INC596,D1037,T1050486,2024-04-16,near_miss,moderate,driver,0,0
INC597,D1038,T1051553,2024-06-01,near_miss,minor,driver,0,0
INC598,D1041,T1054189,2024-05-01,collision,minor,driver,687,0
INC599,D1041,T1054228,2024-05-10,collision,minor,unknown,9324,0
INC600,D1042,T1054667,2024-02-15,near_miss,moderate,other,0,0
INC601,D1044,T1056900,2024-06-12,collision,moderate,unknown,6285,0
INC602,D1044,T1056954,2024-06-28,collision,moderate,unknown,430,0
INC603,D1044,T1056413,2024-03-15,collision,minor,driver,3705,0
INC604,D1046,T1058296,2024-02-11,near_miss,moderate,driver,0,0
INC605,D1047,T1059737,2024-04-02,property_damage,minor,other,655,0
INC606,D1047,T1059301,2024-01-24,near_miss,moderate,driver,0,0
INC607,D1047,T1060094,2024-06-08,property_damage,minor,driver,1166,0
INC608,D1050,T1063110,2024-04-25,property_damage,minor,unknown,2098,0
INC609,D1050,T1063154,2024-05-03,collision,minor,other,1404,0
INC610,D1050,T1063168,2024-05-08,collision,minor,other,325,0
INC611,D1051,T1063716,2024-02-15,property_damage,minor,other,614,0
INC612,D1051,T1063853,2024-03-07,collision,minor,driver,1470,0
INC613,D1052,T1065175,2024-04-16,near_miss,minor,unknown,0,0
INC614,D1055,T1068052,2024-03-02,near_miss,minor,other,0,0
INC615,D1055,T1068441,2024-04-30,near_miss,minor,driver,0,0
INC616,D1055,T1067856,2024-01-26,collision,minor,driver,754,0
INC617,D1055,T1068573,2024-05-17,near_miss,minor,driver,0,0
INC618,D1058,T1071999,2024-06-26,property_damage,minor,unknown,476,0
INC619,D1058,T1071213,2024-02-17,near_miss,severe,unknown,0,0
INC620,D1058,T1071289,2024-03-03,property_damage,moderate,other,715,0
INC621,D1061,T1074475,2024-02-01,property_damage,minor,other,561,0
INC622,D1062,T1075815,2024-03-20,collision,severe,driver,2996,0
INC623,D1063,T1076514,2024-01-09,near_miss,severe,driver,0,0
INC624,D1065,T1078777,2024-01-24,near_miss,moderate,unknown,0,0
INC625,D1065,T1079631,2024-06-22,near_miss,moderate,other,0,0
INC626,D1066,T1080126,2024-03-05,property_damage,minor,other,135,0
INC627,D1067,T1080950,2024-01-25,near_miss,minor,other,0,0
INC628,D1069,T1083520,2024-03-17,near_miss,minor,driver,0,0
INC629,D1070,T1084546,2024-03-13,collision,moderate,driver,663,0
INC630,D1075,T1089760,2024-05-05,near_miss,minor,driver,0,0
INC631,D1075,T1089523,2024-03-25,near_miss,minor,other,0,0
INC632,D1076,T1090268,2024-03-10,near_miss,minor,other,0,0
INC633,D1077,T1091982,2024-06-15,property_damage,minor,other,655,0
INC634,D1084,T1099683,2024-06-26,collision,severe,other,5171,0
INC635,D1086,T1100779,2024-01-11,injury,moderate,other,0,6
INC636,D1088,T1103333,2024-04-11,near_miss,minor,unknown,0,0
INC637,D1089,T1104917,2024-06-14,property_damage,minor,driver,401,0
INC638,D1089,T1104650,2024-05-08,property_damage,minor,driver,574,0
INC639,D1091,T1106094,2024-01-07,injury,moderate,driver,0,5
INC640,D1095,T1110096,2024-03-22,property_damage,moderate,driver,2164,0
INC641,D1097,T1112651,2024-05-27,collision,minor,other,2289,0
INC642,D1101,T1116270,2024-01-29,near_miss,minor,driver,0,0
INC643,D1102,T1118307,2024-06-19,collision,moderate,driver,920,0
INC644,D1102,T1118355,2024-06-27,injury,minor,driver,0,6
INC645,D1106,T1122445,2024-05-15,near_miss,minor,other,0,0
INC646,D1106,T1121728,2024-01-13,collision,minor,other,289,0
INC647,D1108,T1124923,2024-06-24,injury,moderate,driver,0,11
INC648,D1108,T1124207,2024-03-14,collision,minor,other,1940,0
INC649,D1109,T1125248,2024-02-24,injury,minor,driver,0,14
INC650,D1110,T1126237,2024-02-06,near_miss,minor,driver,0,0
INC651,D1110,T1126255,2024-02-07,collision,severe,driver,1683,0
INC652,D1110,T1126082,2024-01-11,collision,moderate,other,2894,0
INC653,D1113,T1128278,2024-01-02,near_miss,minor,other,0,0
INC654,D1113,T1128483,2024-01-31,near_miss,minor,driver,0,0
INC655,D1117,T1131728,2024-02-15,collision,minor,driver,6930,0
INC656,D1118,T1132931,2024-02-17,collision,moderate,other,2443,0
INC657,D1119,T1134425,2024-06-16,collision,minor,driver,8377,0
INC658,D1121,T1135791,2024-01-29,near_miss,minor,driver,0,0
INC659,D1124,T1139636,2024-06-22,property_damage,minor,driver,179,0
INC660,D1124,T1139582,2024-06-11,injury,minor,driver,0,13
INC661,D1124,T1138959,2024-02-23,collision,minor,driver,6784,0
INC662,D1126,T1140988,2024-02-16,near_miss,minor,driver,0,0
INC663,D1127,T1141879,2024-03-18,collision,moderate,other,1983,0
INC664,D1127,T1142149,2024-04-25,near_miss,minor,other,0,0
INC665,D1128,T1142731,2024-02-04,injury,minor,unknown,0,2
INC666,D1129,T1144143,2024-03-19,collision,minor,other,1839,0
INC667,D1132,T1147452,2024-04-11,near_miss,minor,other,0,0
INC668,D1133,T1148433,2024-04-06,injury,minor,driver,0,1
INC669,D1139,T1155084,2024-06-14,near_miss,severe,unknown,0,0
INC670,D1139,T1154285,2024-01-13,near_miss,minor,driver,0,0
INC671,D1140,T1155879,2024-04-29,property_damage,minor,driver,243,0
INC672,D1147,T1162324,2024-02-23,property_damage,severe,unknown,291,0
INC673,D1147,T1162277,2024-02-14,collision,minor,driver,1723,0
INC674,D1148,T1163423,2024-03-01,injury,moderate,unknown,0,1
INC675,D1152,T1167897,2024-03-23,collision,minor,driver,2168,0
INC676,D1158,T1173544,2024-06-14,near_miss,minor,driver,0,0
INC677,D1160,T1175656,2024-06-04,injury,moderate,unknown,0,15
INC678,D1161,T1176615,2024-05-07,near_miss,minor,other,0,0
INC679,D1161,T1176726,2024-06-02,injury,minor,driver,0,12
INC680,D1164,T1178971,2024-01-06,collision,minor,other,4824,0
INC681,D1164,T1179518,2024-04-14,injury,minor,driver,0,1
INC682,D1166,T1180987,2024-01-04,collision,minor,unknown,1029,0
INC683,D1167,T1182232,2024-01-29,injury,moderate,other,0,3
INC684,D1169,T1184744,2024-03-13,near_miss,minor,unknown,0,0
INC685,D1169,T1184731,2024-03-12,property_damage,severe,driver,678,0
INC686,D1174,T1189091,2024-03-03,injury,minor,driver,0,3
INC687,D1176,T1191389,2024-03-26,property_damage,moderate,driver,465,0
INC688,D1177,T1191997,2024-01-19,property_damage,minor,other,2318,0
INC689,D1183,T1198866,2024-04-22,injury,minor,driver,0,1
INC690,D1184,T1199940,2024-04-18,property_damage,severe,other,1640,0
INC691,D1184,T1199699,2024-03-12,near_miss,minor,other,0,0
INC692,D1189,T1204383,2024-02-18,collision,severe,driver,3454,0
INC693,D1192,T1207577,2024-04-05,property_damage,moderate,unknown,306,0
INC694,D1193,T1208480,2024-03-11,near_miss,minor,driver,0,0
INC695,D1194,T1209929,2024-05-17,near_miss,moderate,driver,0,0
INC696,D1197,T1212900,2024-05-01,property_damage,minor,driver,360,0
INC697,D1198,T1213909,2024-04-15,property_damage,minor,other,299,0
INC698,D1200,T1216338,2024-05-26,near_miss,minor,other,0,0
INC699,D1200,T1215522,2024-01-06,near_miss,minor,unknown,0,0
INC700,D1206,T1222578,2024-04-17,property_damage,minor,other,229,0
INC701,D1209,T1225869,2024-06-05,near_miss,moderate,other,0,0
INC702,D1211,T1227331,2024-02-22,near_miss,minor,driver,0,0
INC703,D1211,T1227375,2024-03-01,injury,moderate,driver,0,8
INC704,D1212,T1228803,2024-04-21,property_damage,minor,driver,1861,0
INC705,D1219,T1235149,2024-01-07,injury,minor,other,0,7
INC706,D1220,T1237043,2024-05-01,near_miss,moderate,driver,0,0
INC707,D1220,T1236240,2024-01-04,collision,severe,driver,1066,0
INC708,D1221,T1237773,2024-03-04,near_miss,minor,driver,0,0
INC709,D1223,T1240402,2024-05-18,property_damage,moderate,other,841,0
INC710,D1223,T1240216,2024-04-19,collision,moderate,other,5431,0
INC711,D1223,T1239810,2024-02-17,collision,minor,driver,950,0
INC712,D1223,T1239977,2024-03-13,property_damage,minor,other,209,0
INC713,D1225,T1241810,2024-02-03,collision,minor,driver,2566,0
INC714,D1226,T1243185,2024-03-18,near_miss,severe,driver,0,0
INC715,D1226,T1243827,2024-06-26,injury,minor,driver,0,6
INC716,D1227,T1244931,2024-06-24,property_damage,minor,driver,502,0
INC717,D1229,T1245529,2024-01-02,property_damage,minor,other,843,0
INC718,D1233,T1250038,2024-03-16,property_damage,minor,driver,822,0
INC719,D1233,T1249907,2024-02-21,collision,minor,driver,2522,0
INC720,D1234,T1250839,2024-02-12,near_miss,minor,driver,0,0
INC721,D1236,T1253707,2024-05-17,near_miss,minor,other,0,0
INC722,D1236,T1253453,2024-04-09,near_miss,minor,driver,0,0
INC723,D1240,T1257899,2024-05-23,property_damage,severe,driver,857,0
INC724,D1242,T1259933,2024-04-25,near_miss,moderate,driver,0,0
INC725,D1243,T1261191,2024-05-22,property_damage,minor,unknown,309,0
INC726,D1245,T1262618,2024-01-30,property_damage,severe,driver,1083,0
INC727,D1247,T1265485,2024-06-07,property_damage,minor,other,918,0
INC728,D1248,T1266346,2024-05-24,near_miss,minor,driver,0,0
INC729,D1249,T1266903,2024-02-27,near_miss,minor,driver,0,0
INC730,D1251,T1269361,2024-04-18,near_miss,moderate,driver,0,0
INC731,D1252,T1270040,2024-02-29,injury,moderate,driver,0,1
INC732,D1254,T1272296,2024-03-25,collision,minor,unknown,2561,0
INC733,D1255,T1273315,2024-03-18,property_damage,minor,other,213,0
INC734,D1258,T1276830,2024-05-10,property_damage,minor,other,809,0
INC735,D1264,T1282657,2024-01-25,property_damage,minor,unknown,1896,0
INC736,D1267,T1285766,2024-01-03,injury,minor,unknown,0,15
INC737,D1267,T1285798,2024-01-06,property_damage,moderate,driver,1967,0
INC738,D1269,T1287902,2024-04-14,collision,moderate,driver,17016,0
INC739,D1270,T1288589,2024-02-03,property_damage,minor,driver,1152,0
INC740,D1270,T1288749,2024-02-25,property_damage,minor,driver,127,0
INC741,D1270,T1288478,2024-01-16,collision,minor,unknown,5567,0
INC742,D1271,T1288940,2024-01-21,property_damage,minor,unknown,628,0
INC743,D1271,T1289228,2024-03-08,near_miss,moderate,driver,0,0
INC744,D1272,T1290739,2024-06-14,near_miss,minor,unknown,0,0
INC745,D1278,T1295649,2024-04-04,collision,minor,other,5384,0
INC746,D1278,T1296055,2024-06-14,injury,minor,driver,0,10
INC747,D1278,T1295488,2024-03-11,property_damage,minor,driver,210,0
INC748,D1280,T1297965,2024-05-09,near_miss,moderate,other,0,0
INC749,D1280,T1298210,2024-06-21,near_miss,minor,driver,0,0
INC750,D1284,T1302323,2024-05-27,near_miss,moderate,other,0,0
INC751,D1285,T1303004,2024-03-16,property_damage,minor,driver,2057,0
INC752,D1285,T1303158,2024-04-12,injury,minor,other,0,8
INC753,D1288,T1305370,2024-01-26,near_miss,moderate,unknown,0,0
INC754,D1290,T1306481,2024-02-07,property_damage,minor,driver,702,0
INC755,D1291,T1307230,2024-01-13,near_miss,minor,driver,0,0
INC756,D1292,T1308998,2024-05-09,collision,moderate,unknown,3189,0
INC757,D1294,T1310653,2024-02-10,near_miss,minor,other,0,0
INC758,D1296,T1312216,2024-01-28,property_damage,minor,other,185,0
INC759,D1298,T1313904,2024-03-13,near_miss,minor,driver,0,0
INC760,D1298,T1314508,2024-06-18,near_miss,minor,driver,0,0
INC761,D1298,T1313927,2024-03-18,near_miss,minor,unknown,0,0
INC762,D1301,T1317683,2024-06-17,property_damage,moderate,unknown,567,0
INC763,D1303,T1319993,2024-05-30,near_miss,minor,driver,0,0
INC764,D1304,T1320731,2024-03-21,injury,severe,driver,0,1
INC765,D1304,T1321066,2024-05-04,injury,severe,unknown,0,2
INC766,D1304,T1321026,2024-04-29,collision,minor,driver,1337,0
INC767,D1306,T1323505,2024-06-08,property_damage,minor,driver,1333,0
INC768,D1306,T1323040,2024-03-28,near_miss,moderate,driver,0,0
INC769,D1306,T1322878,2024-03-04,injury,moderate,other,0,1
INC770,D1310,T1327666,2024-04-22,property_damage,minor,unknown,518,0
INC771,D1314,T1332324,2024-06-15,property_damage,moderate,driver,588,0
INC772,D1319,T1337345,2024-06-16,collision,moderate,other,1700,0
INC773,D1319,T1336834,2024-03-15,near_miss,minor,driver,0,0
INC774,D1322,T1340059,2024-04-04,near_miss,moderate,driver,0,0
INC775,D1323,T1341237,2024-04-09,property_damage,minor,driver,686,0
INC776,D1324,T1341917,2024-01-22,near_miss,minor,driver,0,0
INC777,D1324,T1342174,2024-03-09,collision,minor,unknown,1249,0
INC778,D1326,T1344931,2024-06-02,near_miss,minor,driver,0,0
INC779,D1328,T1346690,2024-04-01,near_miss,moderate,driver,0,0
INC780,D1330,T1349390,2024-06-22,property_damage,moderate,driver,1007,0
INC781,D1330,T1349395,2024-06-22,near_miss,moderate,unknown,0,0
INC782,D1332,T1351208,2024-05-18,collision,minor,driver,13998,0
INC783,D1333,T1351911,2024-04-04,property_damage,moderate,other,1910,0
INC784,D1333,T1351826,2024-03-16,property_damage,minor,driver,1032,0
INC785,D1333,T1352155,2024-05-20,near_miss,moderate,driver,0,0
INC786,D1339,T1357854,2024-03-17,property_damage,minor,driver,329,0
INC787,D1339,T1357574,2024-02-10,injury,moderate,unknown,0,3
INC788,D1339,T1357786,2024-03-09,collision,minor,other,7213,0
INC789,D1343,T1361347,2024-02-19,collision,moderate,unknown,1227,0
INC790,D1343,T1361284,2024-02-07,collision,moderate,other,8221,0
INC791,D1344,T1362122,2024-04-10,near_miss,minor,other,0,0
INC792,D1346,T1364153,2024-04-10,collision,severe,driver,4237,0
INC793,D1348,T1366285,2024-03-22,injury,minor,driver,0,2
INC794,D1348,T1366524,2024-05-03,injury,minor,driver,0,3
INC795,D1349,T1367248,2024-02-28,near_miss,minor,other,0,0
INC796,D1349,T1367318,2024-03-11,property_damage,moderate,unknown,399,0
INC797,D1353,T1371678,2024-05-24,near_miss,moderate,other,0,0
INC798,D1354,T1372846,2024-06-24,property_damage,severe,other,623,0
INC799,D1355,T1373266,2024-03-01,collision,severe,driver,695,0
INC800,D1357,T1375665,2024-04-10,collision,severe,driver,2797,0
INC801,D1358,T1376497,2024-03-03,near_miss,moderate,unknown,0,0
INC802,D1358,T1376992,2024-05-24,property_damage,moderate,other,1269,0
INC803,D1360,T1379141,2024-05-25,near_miss,moderate,driver,0,0
INC804,D1360,T1378417,2024-01-29,property_damage,minor,other,649,0
INC805,D1360,T1378711,2024-03-11,collision,minor,other,903,0
INC806,D1360,T1378918,2024-04-21,near_miss,minor,unknown,0,0
INC807,D1360,T1378571,2024-02-22,injury,minor,driver,0,4
INC808,D1362,T1381011,2024-05-04,collision,minor,driver,2587,0
INC809,D1363,T1382235,2024-05-26,collision,moderate,driver,1876,0
INC810,D1363,T1382034,2024-04-24,property_damage,moderate,other,722,0
INC811,D1363,T1381970,2024-04-12,near_miss,minor,other,0,0
INC812,D1363,T1382119,2024-05-06,near_miss,minor,unknown,0,0
INC813,D1363,T1381723,2024-02-27,property_damage,minor,driver,403,0
INC814,D1369,T1388615,2024-06-20,injury,moderate,driver,0,2
INC815,D1375,T1393145,2024-02-20,near_miss,minor,driver,0,0
INC816,D1376,T1394975,2024-06-26,near_miss,moderate,driver,0,0
INC817,D1378,T1397194,2024-06-28,property_damage,severe,driver,301,0
INC818,D1378,T1396638,2024-03-20,near_miss,severe,driver,0,0
INC819,D1382,T1400384,2024-02-04,property_damage,moderate,driver,272,0
INC820,D1382,T1401013,2024-05-22,near_miss,minor,unknown,0,0
INC821,D1383,T1401690,2024-03-17,near_miss,moderate,other,0,0
INC822,D1383,T1401931,2024-05-04,near_miss,minor,driver,0,0
INC823,D1391,T1408965,2024-01-11,collision,minor,driver,1531,0
INC824,D1393,T1412131,2024-06-07,near_miss,minor,unknown,0,0
INC825,D1395,T1413836,2024-03-18,near_miss,moderate,driver,0,0
INC826,D1395,T1413721,2024-03-03,property_damage,minor,other,2249,0
INC827,D1395,T1414413,2024-06-19,near_miss,moderate,other,0,0
INC828,D1395,T1413991,2024-04-13,near_miss,minor,other,0,0
INC829,D1395,T1413661,2024-02-22,injury,severe,other,0,7
INC830,D1398,T1417126,2024-03-10,property_damage,moderate,unknown,1563,0
INC831,D1409,T1428283,2024-04-11,near_miss,severe,other,0,0
INC832,D1409,T1428008,2024-02-24,near_miss,minor,driver,0,0
INC833,D1409,T1427767,2024-01-16,near_miss,minor,driver,0,0
INC834,D1412,T1431925,2024-06-03,near_miss,severe,other,0,0
INC835,D1412,T1431483,2024-03-18,injury,severe,driver,0,1
INC836,D1413,T1432099,2024-01-06,near_miss,minor,other,0,0
INC837,D1414,T1433547,2024-06-18,property_damage,minor,unknown,428,0
INC838,D1414,T1433281,2024-05-08,near_miss,moderate,unknown,0,0
INC839,D1416,T1435477,2024-05-30,near_miss,minor,driver,0,0
INC840,D1418,T1437952,2024-06-30,near_miss,moderate,other,0,0
INC841,D1418,T1437365,2024-03-31,near_miss,moderate,driver,0,0
INC842,D1419,T1438911,2024-06-07,near_miss,severe,driver,0,0
INC843,D1423,T1442929,2024-04-09,near_miss,minor,other,0,0
INC844,D1425,T1444563,2024-02-06,near_miss,minor,other,0,0
INC845,D1425,T1445278,2024-05-23,collision,minor,other,2105,0
INC846,D1425,T1444936,2024-03-31,near_miss,minor,other,0,0
INC847,D1426,T1446343,2024-05-21,injury,moderate,driver,0,1
INC848,D1427,T1446787,2024-01-24,near_miss,minor,driver,0,0
INC849,D1427,T1447055,2024-03-16,property_damage,minor,unknown,1279,0
INC850,D1429,T1448160,2024-04-18,near_miss,moderate,unknown,0,0
INC851,D1430,T1448229,2024-01-11,injury,minor,other,0,1
INC852,D1431,T1449232,2024-01-03,injury,minor,other,0,5
INC853,D1432,T1450933,2024-04-26,near_miss,moderate,driver,0,0
INC854,D1434,T1452750,2024-03-04,near_miss,minor,driver,0,0
INC855,D1437,T1456411,2024-05-20,near_miss,moderate,other,0,0
INC856,D1437,T1456339,2024-05-09,near_miss,minor,driver,0,0
INC857,D1439,T1457862,2024-02-03,collision,minor,driver,8861,0
INC858,D1441,T1460213,2024-03-18,near_miss,minor,driver,0,0
INC859,D1441,T1460447,2024-04-27,near_miss,moderate,other,0,0
INC860,D1444,T1463400,2024-03-22,collision,minor,unknown,9242,0
INC861,D1444,T1463829,2024-06-02,property_damage,minor,other,569,0
INC862,D1447,T1466593,2024-02-28,near_miss,minor,driver,0,0
INC863,D1448,T1467320,2024-01-09,property_damage,minor,other,1124,0
INC864,D1450,T1470100,2024-05-09,property_damage,minor,other,2216,0
INC865,D1453,T1473224,2024-04-07,collision,minor,driver,2889,0
INC866,D1455,T1475792,2024-05-23,near_miss,minor,other,0,0
INC867,D1457,T1477067,2024-03-12,collision,minor,unknown,2634,0
INC868,D1460,T1479921,2024-03-20,property_damage,moderate,driver,850,0
INC869,D1460,T1480452,2024-06-29,injury,moderate,other,0,3
INC870,D1460,T1479777,2024-02-28,collision,minor,driver,7332,0
INC871,D1464,T1484182,2024-06-01,near_miss,minor,unknown,0,0
INC872,D1467,T1487013,2024-05-01,injury,minor,driver,0,16
INC873,D1469,T1488772,2024-02-18,property_damage,severe,other,3184,0
INC874,D1469,T1489108,2024-04-12,injury,minor,other,0,3
INC875,D1469,T1488495,2024-01-04,injury,moderate,driver,0,9
INC876,D1470,T1489998,2024-04-16,near_miss,moderate,driver,0,0
INC877,D1472,T1492029,2024-05-27,near_miss,minor,other,0,0
INC878,D1472,T1492247,2024-06-24,near_miss,moderate,unknown,0,0
INC879,D1474,T1494066,2024-04-04,collision,minor,driver,2493,0
INC880,D1475,T1494870,2024-02-15,near_miss,moderate,driver,0,0
INC881,D1475,T1495162,2024-03-31,near_miss,moderate,unknown,0,0
INC882,D1476,T1495606,2024-03-22,near_miss,minor,driver,0,0
INC883,D1476,T1495909,2024-05-11,property_damage,minor,driver,429,0
INC884,D1481,T1499275,2024-02-09,near_miss,minor,other,0,0
INC885,D1487,T1505347,2024-02-19,near_miss,minor,driver,0,0
INC886,D1487,T1506059,2024-06-24,property_damage,minor,other,205,0
INC887,D1488,T1506409,2024-02-23,near_miss,minor,driver,0,0
INC888,D1489,T1507482,2024-03-22,property_damage,minor,unknown,1063,0
INC889,D1494,T1513076,2024-05-31,near_miss,minor,driver,0,0
INC890,D1495,T1513342,2024-01-20,collision,minor,other,4101,0
INC891,D1496,T1514349,2024-01-12,near_miss,moderate,unknown,0,0
INC892,D1497,T1515001,2024-02-28,near_miss,severe,other,0,0
INC893,D1497,T1514890,2024-02-09,near_miss,minor,other,0,0
INC894,D1497,T1514861,2024-02-03,collision,moderate,driver,3515,0
INC895,D1499,T1516694,2024-04-15,near_miss,moderate,other,0,0
INC896,D1500,T1517265,2024-01-21,property_damage,moderate,driver,599,0
INC897,D1503,T1520932,2024-05-27,collision,minor,driver,939,0
INC898,D1504,T1521423,2024-02-17,collision,moderate,driver,3160,0
INC899,D1505,T1522760,2024-03-10,collision,minor,other,2417,0
INC900,D1507,T1524524,2024-01-14,property_damage,minor,driver,278,0
INC901,D1508,T1526262,2024-04-15,near_miss,minor,other,0,0
INC902,D1514,T1532499,2024-02-26,near_miss,moderate,driver,0,0
INC903,D1514,T1532827,2024-04-20,near_miss,moderate,unknown,0,0
INC904,D1516,T1534596,2024-02-10,property_damage,minor,driver,442,0
INC905,D1517,T1535750,2024-02-17,collision,moderate,driver,4185,0
INC906,D1517,T1535786,2024-02-23,property_damage,minor,driver,1378,0
INC907,D1518,T1537573,2024-06-09,injury,minor,unknown,0,6
INC908,D1521,T1539774,2024-01-19,near_miss,moderate,driver,0,0
INC909,D1521,T1539665,2024-01-05,near_miss,minor,driver,0,0
INC910,D1522,T1541209,2024-03-19,injury,severe,other,0,8
INC911,D1528,T1547728,2024-06-08,near_miss,moderate,driver,0,0
INC912,D1532,T1551296,2024-03-11,property_damage,minor,unknown,543,0
INC913,D1537,T1555842,2024-01-07,near_miss,minor,driver,0,0
INC914,D1538,T1557208,2024-02-13,near_miss,minor,unknown,0,0
INC915,D1541,T1560833,2024-06-05,near_miss,minor,other,0,0
INC916,D1542,T1562058,2024-06-30,collision,severe,unknown,1993,0
INC917,D1546,T1566078,2024-06-08,collision,minor,driver,3657,0
INC918,D1546,T1566043,2024-06-05,injury,severe,driver,0,5
INC919,D1546,T1565763,2024-04-12,collision,minor,driver,1345,0
INC920,D1548,T1567859,2024-04-21,property_damage,minor,driver,535,0
INC921,D1549,T1568998,2024-04-23,collision,moderate,driver,4377,0
INC922,D1551,T1570754,2024-02-21,collision,minor,driver,10249,0
INC923,D1552,T1572104,2024-04-22,injury,minor,driver,0,6
INC924,D1553,T1573256,2024-06-02,near_miss,moderate,other,0,0
INC925,D1553,T1572801,2024-03-08,near_miss,moderate,unknown,0,0
INC926,D1556,T1576084,2024-04-19,near_miss,minor,unknown,0,0
INC927,D1556,T1575781,2024-02-29,near_miss,moderate,other,0,0
INC928,D1559,T1579150,2024-03-28,injury,moderate,driver,0,1
INC929,D1561,T1580759,2024-01-05,near_miss,minor,other,0,0
INC930,D1561,T1581309,2024-04-10,near_miss,minor,other,0,0
INC931,D1563,T1583927,2024-06-29,collision,minor,driver,673,0
INC932,D1568,T1587997,2024-02-27,near_miss,minor,unknown,0,0
INC933,D1571,T1590724,2024-02-28,collision,moderate,other,15678,0
INC934,D1572,T1591721,2024-04-18,property_damage,minor,other,2347,0
INC935,D1578,T1597272,2024-01-27,near_miss,minor,driver,0,0
INC936,D1579,T1598368,2024-02-02,collision,moderate,driver,1120,0
INC937,D1580,T1599744,2024-04-09,property_damage,severe,unknown,455,0
INC938,D1584,T1603722,2024-02-21,near_miss,moderate,driver,0,0
INC939,D1585,T1604608,2024-01-27,property_damage,minor,driver,1250,0
INC940,D1586,T1605632,2024-05-07,near_miss,minor,driver,0,0
INC941,D1588,T1606713,2024-02-08,property_damage,moderate,driver,1161,0
INC942,D1590,T1608018,2024-01-05,near_miss,minor,driver,0,0
INC943,D1591,T1609509,2024-05-29,collision,severe,driver,1425,0
INC944,D1595,T1613259,2024-03-12,injury,minor,driver,0,7
INC945,D1595,T1613491,2024-04-19,property_damage,severe,other,262,0
INC946,D1598,T1616471,2024-03-06,injury,moderate,driver,0,14
INC947,D1602,T1620447,2024-01-15,injury,minor,driver,0,7
INC948,D1602,T1620518,2024-01-27,near_miss,severe,unknown,0,0
INC949,D1603,T1622371,2024-05-22,collision,minor,other,1846,0
INC950,D1605,T1624304,2024-04-27,property_damage,minor,driver,775,0
INC951,D1606,T1625064,2024-03-16,collision,moderate,other,1193,0
INC952,D1608,T1627048,2024-01-30,injury,severe,driver,0,2
INC953,D1609,T1628282,2024-02-28,collision,moderate,driver,12231,0
INC954,D1611,T1629485,2024-02-10,injury,moderate,unknown,0,9
INC955,D1611,T1629342,2024-01-21,near_miss,minor,driver,0,0
INC956,D1613,T1631355,2024-01-03,property_damage,minor,driver,1051,0
INC957,D1614,T1633213,2024-05-10,property_damage,severe,driver,1119,0
INC958,D1614,T1632587,2024-01-16,near_miss,moderate,other,0,0
INC959,D1617,T1636328,2024-04-11,collision,moderate,other,1986,0
INC960,D1618,T1636901,2024-01-24,near_miss,minor,driver,0,0
INC961,D1618,T1637273,2024-03-27,near_miss,minor,other,0,0
INC962,D1622,T1641648,2024-04-20,collision,minor,driver,3281,0
INC963,D1622,T1641169,2024-02-02,collision,minor,other,5940,0
INC964,D1627,T1646791,2024-02-27,property_damage,minor,driver,599,0
INC965,D1628,T1647512,2024-01-07,near_miss,moderate,driver,0,0
INC966,D1632,T1652340,2024-03-24,injury,minor,other,0,9
INC967,D1632,T1652620,2024-05-03,near_miss,minor,driver,0,0
INC968,D1638,T1658480,2024-04-24,collision,severe,driver,933,0
INC969,D1638,T1658067,2024-02-15,injury,minor,other,0,8
INC970,D1638,T1658432,2024-04-15,near_miss,minor,driver,0,0
INC971,D1641,T1661409,2024-02-22,property_damage,minor,other,344,0
INC972,D1642,T1663150,2024-06-08,collision,minor,driver,7747,0
INC973,D1642,T1662905,2024-04-29,near_miss,severe,other,0,0
INC974,D1643,T1663562,2024-02-16,near_miss,moderate,driver,0,0
INC975,D1646,T1666524,2024-01-10,near_miss,minor,driver,0,0
INC976,D1648,T1668880,2024-02-26,injury,moderate,other,0,11
INC977,D1649,T1669890,2024-02-17,property_damage,moderate,unknown,441,0
INC978,D1649,T1669999,2024-03-07,near_miss,minor,other,0,0
INC979,D1656,T1677410,2024-02-17,near_miss,severe,other,0,0
INC980,D1657,T1679009,2024-04-19,collision,moderate,driver,881,0
INC981,D1659,T1681029,2024-04-09,near_miss,minor,driver,0,0
INC982,D1661,T1682772,2024-01-16,property_damage,moderate,driver,4443,0
INC983,D1662,T1683755,2024-05-08,near_miss,minor,other,0,0
INC984,D1666,T1687533,2024-02-23,property_damage,minor,other,1004,0
INC985,D1667,T1688364,2024-01-12,property_damage,severe,other,376,0
INC986,D1668,T1690185,2024-05-09,near_miss,minor,driver,0,0
INC987,D1670,T1692105,2024-03-22,near_miss,minor,driver,0,0
INC988,D1671,T1693124,2024-06-09,property_damage,minor,other,555,0
INC989,D1672,T1694168,2024-06-09,near_miss,minor,other,0,0
INC990,D1673,T1694624,2024-02-28,injury,severe,other,0,1
INC991,D1676,T1698049,2024-03-12,property_damage,minor,driver,338,0
INC992,D1676,T1697783,2024-02-01,injury,moderate,driver,0,1
INC993,D1678,T1700273,2024-06-16,collision,minor,unknown,496,0
INC994,D1679,T1701059,2024-04-28,property_damage,moderate,other,73,0
INC995,D1681,T1702783,2024-02-24,collision,severe,driver,1227,0
INC996,D1682,T1703887,2024-06-20,near_miss,minor,driver,0,0
INC997,D1689,T1710207,2024-01-19,injury,minor,unknown,0,12
INC998,D1691,T1712437,2024-04-23,near_miss,severe,unknown,0,0
INC999,D1691,T1712776,2024-06-17,property_damage,minor,other,426,0
INC1000,D1691,T1712333,2024-03-30,property_damage,minor,driver,1455,0
INC1001,D1693,T1714165,2024-02-09,near_miss,moderate,driver,0,0
INC1002,D1694,T1715889,2024-06-17,property_damage,moderate,driver,820,0
INC1003,D1694,T1715661,2024-05-12,injury,severe,unknown,0,3
INC1004,D1694,T1715677,2024-05-13,near_miss,minor,other,0,0
INC1005,D1695,T1716509,2024-03-26,near_miss,minor,driver,0,0
INC1006,D1697,T1718703,2024-04-10,injury,minor,other,0,4
INC1007,D1698,T1719493,2024-02-11,injury,minor,other,0,4
INC1008,D1698,T1719418,2024-01-30,injury,moderate,driver,0,14
INC1009,D1699,T1721034,2024-05-10,near_miss,minor,driver,0,0
INC1010,D1702,T1724003,2024-03-19,near_miss,minor,unknown,0,0
INC1011,D1702,T1724319,2024-05-10,property_damage,minor,driver,993,0
INC1012,D1702,T1724543,2024-06-16,near_miss,moderate,driver,0,0
INC1013,D1702,T1724008,2024-03-20,near_miss,moderate,other,0,0
INC1014,D1702,T1724419,2024-05-31,near_miss,severe,driver,0,0
INC1015,D1705,T1727680,2024-06-27,injury,moderate,driver,0,6
INC1016,D1705,T1726669,2024-01-16,near_miss,moderate,driver,0,0
INC1017,D1714,T1736876,2024-03-06,near_miss,moderate,driver,0,0
INC1018,D1717,T1739088,2024-03-05,near_miss,moderate,other,0,0
INC1019,D1717,T1738712,2024-01-09,property_damage,severe,other,342,0
INC1020,D1722,T1744390,2024-06-29,property_damage,minor,driver,630,0
INC1021,D1724,T1745417,2024-02-07,property_damage,minor,other,1664,0
INC1022,D1725,T1746758,2024-03-22,injury,minor,driver,0,32
INC1023,D1725,T1746341,2024-01-13,property_damage,minor,driver,437,0
INC1024,D1726,T1747388,2024-01-15,property_damage,minor,driver,618,0
INC1025,D1731,T1752197,2024-02-05,injury,moderate,driver,0,4
INC1026,D1731,T1752309,2024-02-21,collision,moderate,driver,2768,0
INC1027,D1736,T1756876,2024-04-21,injury,minor,other,0,4
INC1028,D1736,T1756974,2024-05-04,collision,moderate,unknown,922,0
INC1029,D1736,T1756654,2024-03-12,property_damage,moderate,other,1091,0
INC1030,D1737,T1757730,2024-02-27,near_miss,minor,other,0,0
INC1031,D1746,T1766612,2024-03-22,property_damage,moderate,other,2389,0
INC1032,D1747,T1767413,2024-02-14,near_miss,minor,other,0,0
INC1033,D1750,T1771227,2024-05-25,collision,minor,driver,2661,0
INC1034,D1752,T1773546,2024-06-13,near_miss,moderate,other,0,0
INC1035,D1756,T1777442,2024-04-30,near_miss,severe,other,0,0
INC1036,D1756,T1777135,2024-03-16,near_miss,severe,driver,0,0
INC1037,D1759,T1780274,2024-02-19,property_damage,moderate,driver,928,0
INC1038,D1761,T1782305,2024-04-10,near_miss,moderate,unknown,0,0
INC1039,D1762,T1783697,2024-05-16,near_miss,minor,unknown,0,0
INC1040,D1765,T1787200,2024-05-19,near_miss,moderate,driver,0,0
INC1041,D1765,T1787113,2024-05-07,near_miss,moderate,other,0,0
INC1042,D1768,T1790107,2024-02-21,near_miss,severe,unknown,0,0
INC1043,D1768,T1790502,2024-04-26,near_miss,minor,driver,0,0
INC1044,D1769,T1791232,2024-02-23,property_damage,minor,driver,259,0
INC1045,D1769,T1791406,2024-03-22,property_damage,minor,unknown,879,0
INC1046,D1774,T1796629,2024-06-24,collision,minor,other,5661,0
INC1047,D1775,T1796873,2024-01-31,near_miss,severe,other,0,0
INC1048,D1775,T1796698,2024-01-02,property_damage,minor,driver,736,0
INC1049,D1776,T1797952,2024-02-09,near_miss,minor,unknown,0,0
INC1050,D1776,T1798092,2024-03-04,injury,minor,other,0,8
INC1051,D1779,T1800415,2024-03-06,injury,moderate,unknown,0,7
INC1052,D1779,T1800925,2024-06-13,near_miss,minor,driver,0,0
INC1053,D1779,T1800453,2024-03-15,collision,moderate,unknown,1042,0
INC1054,D1779,T1800439,2024-03-11,property_damage,minor,driver,882,0
INC1055,D1781,T1802729,2024-03-30,collision,moderate,driver,10621,0
INC1056,D1782,T1802785,2024-01-10,injury,minor,unknown,0,3
INC1057,D1783,T1803993,2024-01-26,collision,minor,driver,8962,0
INC1058,D1788,T1809527,2024-01-04,near_miss,severe,other,0,0
INC1059,D1789,T1810715,2024-01-07,injury,moderate,other,0,12
INC1060,D1791,T1812364,2024-01-22,property_damage,moderate,other,1807,0
INC1061,D1792,T1813815,2024-03-07,property_damage,minor,other,486,0
INC1062,D1793,T1814848,2024-05-18,near_miss,moderate,unknown,0,0
INC1063,D1794,T1815487,2024-03-04,near_miss,minor,driver,0,0
INC1064,D1794,T1815536,2024-03-11,injury,moderate,driver,0,4
INC1065,D1795,T1816807,2024-05-07,near_miss,moderate,other,0,0
INC1066,D1795,T1816491,2024-03-07,collision,minor,other,2082,0
INC1067,D1795,T1816883,2024-05-24,property_damage,minor,other,521,0
INC1068,D1795,T1816896,2024-05-26,injury,minor,driver,0,22
INC1069,D1797,T1818295,2024-01-05,near_miss,minor,driver,0,0
INC1070,D1799,T1820513,2024-01-24,property_damage,minor,driver,477,0
INC1071,D1802,T1824042,2024-03-10,near_miss,minor,driver,0,0
INC1072,D1808,T1830079,2024-03-27,near_miss,moderate,driver,0,0
INC1073,D1808,T1829863,2024-02-19,injury,minor,unknown,0,3
INC1074,D1809,T1831090,2024-03-16,property_damage,minor,unknown,1707,0
INC1075,D1812,T1833204,2024-01-19,near_miss,minor,driver,0,0
INC1076,D1813,T1834887,2024-05-04,injury,minor,driver,0,8
INC1077,D1813,T1835100,2024-06-05,near_miss,moderate,driver,0,0
INC1078,D1817,T1839182,2024-06-01,injury,moderate,driver,0,1
INC1079,D1825,T1846659,2024-02-27,property_damage,moderate,other,738,0
INC1080,D1826,T1848179,2024-05-09,injury,minor,driver,0,2
INC1081,D1827,T1848773,2024-02-14,property_damage,minor,driver,124,0
INC1082,D1828,T1849839,2024-02-28,collision,minor,driver,2489,0
INC1083,D1829,T1851194,2024-03-26,injury,minor,unknown,0,6
INC1084,D1831,T1853453,2024-03-19,near_miss,severe,driver,0,0
INC1085,D1832,T1854904,2024-06-09,near_miss,moderate,unknown,0,0
INC1086,D1832,T1854450,2024-03-20,property_damage,moderate,driver,1451,0
INC1087,D1834,T1856321,2024-04-26,near_miss,minor,driver,0,0
INC1088,D1836,T1858304,2024-06-24,near_miss,minor,driver,0,0
INC1089,D1842,T1864288,2024-05-20,property_damage,moderate,driver,3036,0
INC1090,D1844,T1865853,2024-02-03,property_damage,minor,other,302,0
INC1091,D1845,T1867501,2024-05-07,injury,minor,driver,0,10
INC1092,D1845,T1866755,2024-01-05,collision,minor,unknown,10842,0
INC1093,D1845,T1867493,2024-05-04,near_miss,minor,unknown,0,0
INC1094,D1845,T1866941,2024-02-01,near_miss,minor,driver,0,0
INC1095,D1848,T1870247,2024-02-25,property_damage,minor,other,729,0
INC1096,D1848,T1870489,2024-04-03,injury,minor,driver,0,4
INC1097,D1849,T1871563,2024-06-09,property_damage,minor,unknown,1271,0
INC1098,D1853,T1874465,2024-01-30,near_miss,minor,unknown,0,0
INC1099,D1853,T1874802,2024-03-26,collision,moderate,other,1524,0
INC1100,D1863,T1884881,2024-06-06,collision,minor,other,542,0
INC1101,D1864,T1885033,2024-01-05,near_miss,minor,driver,0,0
INC1102,D1868,T1889482,2024-03-17,near_miss,minor,driver,0,0
INC1103,D1869,T1890752,2024-04-06,property_damage,minor,driver,608,0
INC1104,D1875,T1896653,2024-05-05,near_miss,minor,unknown,0,0
INC1105,D1875,T1896648,2024-05-04,property_damage,minor,driver,2139,0
INC1106,D1876,T1897055,2024-01-12,collision,minor,driver,10351,0
INC1107,D1879,T1899994,2024-03-25,property_damage,minor,unknown,2711,0
INC1108,D1882,T1902950,2024-02-26,near_miss,moderate,driver,0,0
INC1109,D1883,T1903789,2024-01-13,near_miss,minor,other,0,0
INC1110,D1883,T1903970,2024-02-08,near_miss,minor,unknown,0,0
INC1111,D1888,T1909209,2024-01-17,property_damage,minor,unknown,756,0
INC1112,D1891,T1912380,2024-03-30,property_damage,minor,other,777,0
INC1113,D1892,T1913570,2024-04-05,property_damage,severe,driver,542,0
INC1114,D1893,T1914824,2024-05-03,injury,moderate,unknown,0,6
INC1115,D1894,T1915970,2024-05-21,near_miss,severe,other,0,0
INC1116,D1896,T1917334,2024-02-23,near_miss,minor,driver,0,0
INC1117,D1898,T1919445,2024-06-14,injury,moderate,driver,0,4
INC1118,D1898,T1918782,2024-02-15,near_miss,moderate,other,0,0
INC1119,D1899,T1919599,2024-01-08,near_miss,minor,driver,0,0
INC1120,D1899,T1919811,2024-02-15,near_miss,moderate,driver,0,0
INC1121,D1899,T1919754,2024-02-08,collision,severe,driver,615,0
INC1122,D1901,T1922317,2024-06-22,near_miss,minor,other,0,0
INC1123,D1902,T1922915,2024-03-28,near_miss,minor,other,0,0
INC1124,D1904,T1923939,2024-01-12,collision,minor,driver,8995,0
INC1125,D1904,T1924786,2024-06-07,property_damage,moderate,unknown,933,0
INC1126,D1904,T1924528,2024-04-22,collision,minor,unknown,4797,0
INC1127,D1905,T1925761,2024-05-07,near_miss,minor,other,0,0
INC1128,D1905,T1925762,2024-05-07,near_miss,moderate,driver,0,0
INC1129,D1909,T1929510,2024-01-26,near_miss,minor,other,0,0
INC1130,D1912,T1932507,2024-03-19,collision,minor,driver,2292,0
INC1131,D1912,T1932952,2024-06-12,property_damage,minor,driver,249,0
INC1132,D1913,T1933103,2024-01-04,collision,minor,other,2335,0
INC1133,D1914,T1934966,2024-05-23,property_damage,minor,driver,291,0
INC1134,D1915,T1935697,2024-03-30,property_damage,minor,driver,569,0
INC1135,D1916,T1936974,2024-05-04,near_miss,minor,driver,0,0
INC1136,D1917,T1937974,2024-05-11,injury,moderate,other,0,3
INC1137,D1917,T1937352,2024-01-13,injury,minor,driver,0,4
INC1138,D1918,T1938244,2024-01-04,near_miss,minor,driver,0,0
INC1139,D1918,T1938549,2024-03-01,near_miss,moderate,driver,0,0
INC1140,D1918,T1939009,2024-05-08,property_damage,minor,other,447,0
INC1141,D1918,T1938793,2024-04-03,collision,minor,driver,6664,0
INC1142,D1920,T1940482,2024-03-04,injury,moderate,other,0,7
INC1143,D1921,T1941454,2024-02-06,near_miss,severe,unknown,0,0
INC1144,D1921,T1941570,2024-02-27,property_damage,minor,driver,1463,0
INC1145,D1925,T1944949,2024-03-20,near_miss,moderate,driver,0,0
INC1146,D1929,T1949623,2024-04-17,property_damage,severe,other,1019,0
INC1147,D1931,T1951168,2024-01-18,injury,minor,other,0,4
INC1148,D1931,T1951462,2024-03-13,near_miss,minor,other,0,0
INC1149,D1932,T1951804,2024-01-17,near_miss,minor,driver,0,0
INC1150,D1932,T1952424,2024-04-26,collision,minor,other,26694,0
INC1151,D1936,T1956915,2024-04-22,property_damage,minor,unknown,394,0
INC1152,D1938,T1959182,2024-04-27,near_miss,minor,unknown,0,0
INC1153,D1943,T1963897,2024-02-01,near_miss,minor,driver,0,0
INC1154,D1943,T1964690,2024-06-08,property_damage,moderate,driver,745,0
INC1155,D1945,T1966427,2024-03-22,property_damage,severe,driver,725,0
INC1156,D1946,T1967391,2024-05-06,injury,minor,other,0,1
INC1157,D1947,T1967954,2024-02-11,near_miss,minor,driver,0,0
INC1158,D1947,T1968476,2024-04-27,collision,moderate,driver,10643,0
INC1159,D1950,T1971189,2024-03-27,collision,minor,other,10492,0
INC1160,D1952,T1973855,2024-05-29,near_miss,minor,driver,0,0
INC1161,D1955,T1976744,2024-04-17,collision,minor,driver,1881,0
INC1162,D1965,T1985871,2024-03-18,property_damage,minor,other,848,0
INC1163,D1969,T1989580,2024-03-07,near_miss,minor,other,0,0
INC1164,D1969,T1990252,2024-06-27,collision,severe,unknown,7199,0
INC1165,D1969,T1989966,2024-05-07,near_miss,moderate,driver,0,0
INC1166,D1969,T1989843,2024-04-15,near_miss,minor,driver,0,0
INC1167,D1971,T1992004,2024-04-14,collision,minor,driver,1649,0
INC1168,D1974,T1994701,2024-01-07,injury,minor,driver,0,1
INC1169,D1975,T1996073,2024-02-27,near_miss,minor,unknown,0,0
INC1170,D1976,T1996496,2024-02-19,collision,moderate,driver,1372,0
INC1171,D1977,T1997678,2024-04-27,near_miss,moderate,other,0,0
INC1172,D1977,T1997285,2024-02-13,property_damage,minor,other,498,0
INC1173,D1977,T1997276,2024-02-13,near_miss,minor,driver,0,0
INC1174,D1977,T1998014,2024-06-28,property_damage,moderate,driver,274,0
INC1175,D1978,T1998892,2024-05-13,near_miss,minor,driver,0,0
INC1176,D1980,T2000937,2024-04-18,property_damage,minor,other,411,0
INC1177,D1980,T2001168,2024-05-26,near_miss,minor,driver,0,0
INC1178,D1981,T2001423,2024-01-11,property_damage,minor,other,1348,0
INC1179,D1990,T2010585,2024-03-25,near_miss,moderate,driver,0,0
INC1180,D1993,T2013234,2024-03-22,near_miss,moderate,driver,0,0
INC1181,D1997,T2017913,2024-05-27,collision,minor,unknown,18279,0
INC1182,D1999,T2019290,2024-01-12,injury,moderate,unknown,0,1
INC1183,D1999,T2020104,2024-05-14,property_damage,minor,other,646,0
INC1184,D2000,T2020819,2024-03-14,near_miss,minor,driver,0,0
INC1185,D2000,T2021144,2024-05-11,near_miss,moderate,driver,0,0
